SMILES,labels,BILN
CC(C)CC1C(=O)NC(C(=O)N2CCCC2C(=O)NC(C(=O)NC(C(=O)NC(C(=O)NC(C(=O)N2CCCC2C(=O)NC(C(=O)NC(C(=O)N1)CCCN)C(C)C)Cc1ccccc1)CC(C)C)CCCN)C(C)C)Cc1ccccc1,1,"L(10,1)-F-P-V-dOrn-L-F-P-V-dOrn(10,2)"
CCC(C)C(C(=O)NC(CCC(=O)O)C(=O)NC(CCC(=O)O)C(=O)NC(CO)C(=O)NC(CCC(=O)N)C(=O)NC(CC(=O)N)C(=O)NC(CCC(=O)N)C(=O)NC(CCC(=O)N)C(=O)NC(CCC(=O)O)C(=O)NC(CCCCN)C(=O)NC(CC(=O)N)C(=O)NC(CCC(=O)O)C(=O)NC(CCC(=O)N)C(=O)NC(CCC(=O)O)C(=O)NC(CC(C)C)C(=O)NC(CC(C)C)C(=O)NC(CCC(=O)O)C(=O)NC(CC(C)C)C(=O)NC(CC(=O)O)C(=O)NC(CCCCN)C(=O)NC(Cc1c[nH]c2ccccc12)C(=O)NC(C)C(=O)NC(CO)C(=O)NC(CC(C)C)C(=O)NC(Cc1c[nH]c2ccccc12)C(=O)NC(CC(=O)N)C(=O)NC(Cc1c[nH]c2ccccc12)C(=O)NC(Cc1ccccc1)C(=O)N)NC(=O)C(CC(C)C)NC(=O)C(CO)NC(=O)C(Cc1cnc[nH]1)NC(=O)C(C(C)CC)NC(=O)C(CC(C)C)NC(=O)C(CO)NC(=O)C(C(C)O)NC(=O)C(Cc1ccc(cc1)O)NC(=O)C,1,ac-Y-T-S-L-I-H-S-L-I-E-E-S-dQ-dN-dQ-dQ-E-K-dN-E-dQ-E-L-L-E-L-D-K-W-A-S-L-W-dN-W-F-am
CCC(C)C(C(=O)NC(CC(C)C)C(=O)NC(Cc1c[nH]c2ccccc12)C(=O)NC(CC(C)C)C(=O)NC(C)C(=O)O)NC(=O)C(CC(C)C)NC(=O)C(Cc1ccc(cc1)O)NC(=O)C(C(C)C)NC(=O)C(CCC(=O)O)NC(=O)C(Cc1ccccc1)NC(=O)C(CC(C)C)NC(=O)C(CCCCN)NC(=O)C(CC(C)C)N,1,L-K-L-F-E-V-Y-L-I-L-W-L-A
CCC(C)C(C(=O)NC(CS)C(=O)NC(Cc1ccccc1)C(=O)NC(C(C)C)C(=O)NC(CCC(=O)O)C(=O)NC(Cc1ccccc1)C(=O)NC(CCC(=O)N)C(=O)NC(CCCCN)C(=O)NC(CCC(=O)O)C(=O)NC(CCC(=O)O)C(=O)NC(CC(=O)O)C(=O)NC(CC(=O)O)C(=O)O)NC(=O)C(Cc1ccc(cc1)O)NC(=O)C(C(C)O)N,1,T-Y-I-C-F-V-E-F-dQ-K-E-E-D-D
CCC(C)C(C(=O)NCC(=O)NC(CCCCN)C(=O)O)NC(=O)C(C(C)O)NC(=O)C(C(C)C)NC(=O)C(Cc1ccccc1)NC(=O)C(C)NC(=O)C(CCN=C(N)N)NC(=O)CN,1,G-X-A-F-V-T-I-G-K
CC(C(=O)NC(CCCNC(=N)N)C(=O)NC(CCCNC(=N)N)C(=O)NC(C)C(=O)NC(C)C(=O)NC(CCCNC(=N)N)C(=O)NC(CCCNC(=N)N)C(=O)NC(C)C(=O)NC(CCCNC(=N)N)C(=O)NC(CCCNC(=N)N)C(=O)NC(C)C(=O)NC(C)C(=O)NC(CCCNC(=N)N)C(=O)NC(CCCNC(=N)N)C(=O)NC(C)C(=O)NC(CCCNC(=N)N)C(=O)NC(CCCNC(=N)N)C(=O)NC(C)C(=O)NC(C)C(=O)NC(CCCNC(=N)N)C(=O)NC(CCCNC(=N)N)C(=O)O)N,1,A-R-R-A-A-R-R-A-R-R-A-A-R-R-A-R-R-A-A-R-R
CC(C)CC(C(=O)NC(Cc1cnc[nH]1)C(=O)NC(CC(C)C)C(=O)NC(CCC(=O)O)C(=O)NC(CCC(=O)N)C(=O)NCC(=O)NC(CCCCN)C(=O)NC(C)C(=O)N1CCCC1C(=O)NC(Cc1cnc[nH]1)C(=O)NC(CCCNC(=N)N)C(=O)NC(CCC(=O)O)C(=O)NC(C)C(=O)NC(C(C)O)C(=O)NC(CCC(=O)O)C(=O)NC(CC(=O)O)C(=O)NC(CC(C)C)C(=O)O)N,1,L-H-L-E-dQ-G-K-A-P-H-R-E-A-T-E-D-L
CCC(C)C(C(=O)NC(Cc1ccccc1)C(=O)NC(CCC(=O)O)C(=O)NC(C(C)C)C(=O)NC(Cc1ccccc1)C(=O)NC(CC(=O)O)C(=O)NC(CCC(=O)N)C(=O)NC(CCCCN)C(=O)NC(CCC(=O)O)C(=O)NC(CCC(=O)O)C(=O)NC(CC(=O)O)C(=O)NC(CC(=O)O)C(=O)O)NC(=O)C(Cc1ccc(cc1)O)NC(=O)C(Cc1ccccc1)N,1,F-Y-I-F-E-V-F-D-dQ-K-E-E-D-D
CCC(C)C(C(=O)NC(C(C)CC)C(=O)NC(CCCCN)C(=O)NC(C)C(=O)NCC(=O)N1CCCC1C(=O)NC(C)C(=O)NC(C(C)C)C(=O)NC(C)C(=O)NC(C(C)C)C(=O)NC(C(C)C)C(=O)NCC(=O)NC(CCC(=O)N)C(=O)NC(C)C(=O)NC(C(C)O)C(=O)NC(CCC(=O)N)C(=O)NC(C(C)CC)C(=O)NC(C)C(=O)NC(CCCCN)C(=O)N)NC(=O)CNC(=O)C(CC(=O)O)NC(=O)C(CCCNC(=N)N)NC(=O)C(C(C)CC)NC(=O)C(CC(=O)N)NC(=O)C(CCC(=O)N)NC(=O)CNC(=O)C(C(C)C)NC(=O)C(CCCCN)NC(=O)C(CCC(=O)O)NC(=O)C(C(C)CC)NC(=O)C(CCCCN)NC(=O)C(CCCCN)NC(=O)C(Cc1ccccc1)NC(=O)C(CC(C)C)NC(=O)C(CCCCN)NC(=O)C(Cc1c[nH]c2ccccc12)NC(=O)C(CCCCN)N,1,K-W-K-L-F-K-K-I-E-K-V-G-dQ-dN-I-R-D-G-I-I-K-A-G-P-A-V-A-V-V-G-dQ-A-T-dQ-I-A-K-am
CC(=O)NC(CSC1CC(=O)N(C1=O)CCCC(=O)NCCOCCNC(=O)CCCCCNC(=O)CCCCC1C2C(CS1)NC(=O)N2)C(=O)NC(CCCCN)C(=O)NC(CCCNC(=N)N)C(=O)NC(CCCNC(=N)N)C(=O)NC(CCCNC(=N)N)C(=O)NC(CCC(=O)N)C(=O)NC(CCCNC(=N)N)C(=O)NC(CCCNC(=N)N)C(=O)NC(CCCCN)C(=O)NC(CCCCN)C(=O)NC(CCCNC(=N)N)C(=O)N,1,"ac-X(7,2)-X-X(5,1).X(5,2)(6,1).X(6,2).K(7,1)-R-R-R-dQ-R-R-K-K-R-am"
CCC(C)C(C(=O)NC(CCCN=C(N)N)C(=O)NC(Cc1cnc[nH]1)C(=O)O)NC(=O)C(CCCN=C(N)N)NC(=O)C(C(C)CC)NC(=O)C(C(C)CC)NC(=O)C(CCCCN)NC(=O)C(C(C)O)NC(=O)C(CCCN=C(N)N)NC(=O)C(CO)NC(=O)C(CCCN=C(N)N)NC(=O)C(CC(C)C)N,1,L-X2075-S-X2075-T-K-I-I-X2075-I-X2075-H
CCC(C)C(C(=O)NC(C(C)O)C(=O)NC(C)C(=O)NC(Cc1ccc(cc1)O)C(=O)NC(CO)C(=O)O)NC(=O)C1CCCN1C(=O)C(C)NC(=O)C(CC(C)C)NC(=O)C(CC(C)C)NC(=O)C(CCCN=C(N)N)NC(=O)C(Cc1c[nH]c2ccccc12)NC(=O)CNC(=O)C(CCC(=O)N)NC(=O)C(CCC(=O)O)N,1,E-dQ-G-W-X2075-L-L-A-P-I-T-A-Y-S
CCC(C)C(C(=O)NC(CS)C(=O)NC(CCC(=O)O)C(=O)NC(C(C)C)C(=O)NC(CCC(=O)O)C(=O)NC(CC(=O)O)C(=O)NC(CCC(=O)O)C(=O)NC(CCCCN)C(=O)NC(CCC(=O)O)C(=O)NC(CCC(=O)O)C(=O)NC(C(C)C)C(=O)O)NC(=O)C(Cc1ccc(cc1)O)NC(=O)C(C(C)O)NC(=O)C(CC(=O)O)NC(=O)C(CO)N,1,S-D-T-Y-I-C-E-V-E-D-E-K-E-E-V
CC(C)CC(C(=O)NCC(=O)N1CCCC1C(=O)NCC(=O)NC(CCNC(=N)N)C(=O)NC(C(C)C)C(=O)NC(Cc1c[nH]c2ccccc12)C(=O)NC(Cc1ccc(cc1)O)C(=O)NC(C(C)O)C(=O)NC(C(C)O)C(=O)NCC(=O)NC(CCC(=O)O)C(=O)O)NC(=O)C(C(C)O)NC(=O)C(C(C)C)NC(=O)C(CCNC(=N)N)NC(=O)C(CCCCN)NC(=O)C(CCNC(=N)N)NC(=O)C(C(C)O)NC(=O)C(Cc1cnc[nH]1)NC(=O)C(CS)N,1,C-H-T-X2516-K-X2516-V-T-L-G-P-G-X2516-V-W-Y-T-T-G-E
CC(C)C(C(=O)NC(CCCCN)C(=O)NC(Cc1ccccc1)C(=O)NC(CC(=O)N)C(=O)NC(CCCCN)C(=O)N1CCCC1C(=O)NC(Cc1ccccc1)C(=O)NC(C(C)C)C(=O)NC(Cc1ccccc1)C(=O)O)NC(=O)C(CCC(=O)O)NC(=O)C1CCCN1C(=O)C1CCCN1,1,P-P-E-V-K-F-dN-K-P-F-V-F
CCC(C)C(C(=O)NC(C(C)CC)C(=O)NC(CCCNC(=N)N)C(=O)NC(C(C)CC)C(=O)NC(CC(C)C)C(=O)NC(CCC(=O)N)C(=O)NC(CCC(=O)N)C(=O)NC(CC(C)C)C(=O)NC(CC(C)C)C(=O)NC(Cc1ccccc1)C(=O)NC(C(C)CC)C(=O)NC(Cc1cnc[nH]1)C(=O)NC(Cc1ccccc1)C(=O)NC(CCCNC(=N)N)C(=O)NC(C(C)CC)C(=O)NCC(=O)NC(CCCNC(=N)N)C(=O)NC(CCCNC(=N)N)C(=O)NC(CCCNC(=N)N)C(=O)NC(CCCNC(=N)N)C(=O)NC(CCCNC(=N)N)C(=O)NC(CCCNC(=N)N)C(=O)NC(CCCNC(=N)N)C(=O)NC(CCCNC(=N)N)C(=O)N)NC(=O)C(C)NC(=O)C(CCC(=O)O)NC(=O)C,1,ac-E-A-I-I-R-I-L-dQ-dQ-L-L-F-I-H-F-R-I-G-R-R-R-R-R-R-R-R-am
c1cc(ccc1CC(C(=O)NCC(=O)NC(CCCN=C(N)N)C(=O)NC(CCCCN)C(=O)NC(CCCCN)C(=O)NC(CCCN=C(N)N)C(=O)NC(CCCN=C(N)N)C(=O)NC(CCC(=O)N)C(=O)NC(CCCN=C(N)N)C(=O)NC(CCCN=C(N)N)C(=O)NC(CCCN=C(N)N)C(=O)O)N)O,1,Y-G-X2075-K-K-X2075-X2075-dQ-X2075-X2075-X2075
CCC(C)C(C(=O)NC(Cc1c[nH]cn1)C(=O)NC(CO)C(=O)NC(Cc1ccc(cc1)O)C(=O)NC(CCCNC(=N)N)C(=O)NCC(=O)NC(CC(=O)O)C(=O)NC(CC(C)C)C(=O)NC(Cc1c[nH]c2ccccc12)C(=O)NC(CC(C)C)C(=O)NC(Cc1ccccc1)C(=O)NC(CCCNC(=N)N)C(=O)NC(CC(=O)O)C(=O)NC(C)C(=O)O)NC(=O)C(CCCNC(=N)N)NC(=O)C(CCCNC(=N)N)N,1,R-R-I-H-S-Y-R-G-D-L-W-L-F-R-D-A
CCC(C)C(C(=O)NCC(=O)NC(CCCN=C(N)N)C(=O)NC(CC(C)C)C(=O)O)NC(=O)C(CC(C)C)NC(=O)C(CO)N,1,S-L-I-G-X2075-L
CCC(C)C(C(=O)NC(Cc1ccccc1)C(=O)NC(CCCCN)C(=O)NC(C)C(=O)NC(C(C)CC)C(=O)NC(Cc1c[nH]c2ccccc12)C(=O)NC(CO)C(=O)NCC(=O)NC(C(C)CC)C(=O)NC(CCCCN)C(=O)NC(CO)C(=O)NC(CC(C)C)C(=O)NC(Cc1ccccc1)C(=O)O)N,1,I-F-K-A-I-W-S-G-I-K-S-L-F
CC(C)CC(C(=O)O)NC(=O)C(CC(=O)O)NC(=O)C(CC(=O)N)NC(=O)C(C(C)C)NC(=O)C(C(C)C)NC(=O)C(C)NC(=O)CNC(=O)C(C)NC(=O)C(Cc1ccc(cc1)O)NC(=O)C(CO)NC(=O)C(C(C)O)NC(=O)C(CO)N,1,S-T-S-Y-A-G-A-V-V-dN-D-L
CCC(C)C(C(=O)NC(C(C)O)C(=O)NC(Cc1ccc(cc1)O)C(=O)NC(C(C)C)C(=O)NC(CC(=O)N)C(=O)NC(Cc1ccccc1)C(=O)NC(CC(C)C)C(=O)NC(CC(=O)N)C(=O)NC(CCC(=O)O)C(=O)NC(CC(C)C)C(=O)NC(CCCNC(=N)N)C(=O)NC(C(C)C)C(=O)NC(CCCCN)C(=O)NC(C(C)O)C(=O)NC(CCCCN)C(=O)N1CCCC1C(=O)NC(CCC(=O)O)C(=O)NCC(=O)NC(CC(=O)N)C(=O)NC(CO)C(=O)NC(Cc1cnc[nH]1)C(=O)NCC(=O)NC(C(C)CC)C(=O)N1CCCC1C(=O)NC(CO)C(=O)NC(CC(C)C)C(=O)NC(CCCNC(=N)N)C(=O)NC(CCCCN)C(=O)NC(CO)C(=O)NC(CO)C(=O)NC(CC(=O)O)C(=O)NC(CC(=O)O)C(=O)N1CCCC1C(=O)NCC(=O)NC(CO)C(=O)NC(CO)C(=O)NC(Cc1ccccc1)C(=O)NC(C(C)C)C(=O)NC(C(C)C)C(=O)NC(C)C(=O)NCC(=O)O)NC(=O)C(Cc1ccc(cc1)O)NC(=O)C(C(C)O)NC(=O)C(C)NC(=O)CNC(=O)C(CCCCN)NC(=O)C(C(C)O)NC(=O)C(CO)NC(=O)C(Cc1ccccc1)NC(=O)C(CO)NC(=O)C(C(C)C)NC(=O)C(C(C)O)NC(=O)C(CC(=O)O)NC(=O)C(CC(C)C)NC(=O)CN,1,G-L-D-T-V-S-F-S-T-K-G-A-T-Y-I-T-Y-V-dN-F-L-dN-E-L-R-V-K-T-K-P-E-G-dN-S-H-G-I-P-S-L-R-K-S-S-D-D-P-G-S-S-F-V-V-A-G
CCC(C)C(C(=O)NC(Cc1ccc(cc1)OS(=O)(=O)O)C(=O)NC(CC(=O)O)C(=O)NC(C(C)CC)C(=O)NC(CC(=O)N)C(=O)NC(Cc1ccc(cc1)OS(=O)(=O)O)C(=O)NC(Cc1ccc(cc1)OS(=O)(=O)O)C(=O)NC(C(C)O)C(=O)NC(CO)C(=O)NC(CCC(=O)O)C(=O)N1CCCC1C(=O)NC(CO)C(=O)NC(CCC(=O)N)C(=O)NC(CCCCN)C(=O)O)NC(=O)C1CCCN1C(=O)C(CO)NC(=O)C(CO)NC(=O)C(C(C)C)NC(=O)C(CCC(=O)N)NC(=O)C(Cc1ccc(cc1)OS(=O)(=O)O)NC(=O)C(CC(=O)O)NC(=O)C(CCSC)N,1,M-D-X96-dQ-V-S-S-P-I-X96-D-I-dN-X96-X96-T-S-E-P-S-dQ-K
CCC(C)C(C(=O)NC(CCCCN)C(=O)NC(CC(=O)O)C(=O)NC(Cc1ccccc1)C(=O)NC(CC(C)C)C(=O)NC(CCCN=C(N)N)C(=O)N)NC(=O)C(CCCN=C(N)N)NC(=O)C(CCC(=O)N)NC(=O)C(C(C)C)NC(=O)C(C(C)CC)NC(=O)C(CCCN=C(N)N)NC(=O)C(CCCCN)N,1,K-X2075-I-V-dQ-X2075-I-K-D-F-L-X2075-am
CCC(C)C(C(=O)NC(C(C)CC)C(=O)NC(CC(C)C)C(=O)NC(CO)C(=O)NCC(=O)NC(CCCN=C(N)N)C(=O)NC(CCCCN)C(=O)O)NC(=O)C(CCCN=C(N)N)NC(=O)CNC(=O)C(C(C)C)NC(=O)C(C(C)CC)NC(=O)C(C(C)C)NC(=O)C(C(C)C)NC(=O)C(CO)NC(=O)CNC(=O)C(CCCCN)N,1,K-G-S-V-V-I-V-G-X2075-I-I-L-S-G-X2075-K
CCC(C)C(C(=O)NC(Cc1ccccc1)C(=O)NC(Cc1ccccc1)C(=O)NC(C(C)C)C(=O)NC(CCC(=O)O)C(=O)NC(CC(=O)O)C(=O)NC(CCC(=O)N)C(=O)NC(CCCCN)C(=O)NC(CCC(=O)O)C(=O)NC(CCC(=O)O)C(=O)NC(CC(=O)O)C(=O)NC(CC(=O)O)C(=O)O)NC(=O)C(Cc1ccc(cc1)O)NC(=O)C(Cc1ccccc1)N,1,F-Y-I-F-F-V-E-D-dQ-K-E-E-D-D
CCC(C)C(C(=O)N1CCCC1C(=O)NC(CCSC)C(=O)NC(CO)C(=O)NC(C(C)CC)C(=O)O)NC(=O)C(C)NC(=O)C(CCC(=O)O)NC(=O)C(CC(C)C)N,1,L-E-A-I-P-M-S-I
CCC(C)C(C(=O)NC(CS)C(=O)NC(CCC(=O)O)C(=O)NC(C(C)C)C(=O)NC(Cc1ccccc1)C(=O)NC(Cc1ccccc1)C(=O)NC(CCC(=O)N)C(=O)NC(CCCCN)C(=O)NC(CCC(=O)O)C(=O)NC(CCC(=O)O)C(=O)NC(CC(=O)O)C(=O)NC(CC(=O)O)C(=O)O)NC(=O)C(Cc1ccc(cc1)O)NC(=O)C(C(C)O)N,1,T-Y-I-C-E-V-F-F-dQ-K-E-E-D-D
CCC(C)C1C(=O)N2CCCC2C(=O)N2CCCC2C(=O)NC(CSSCC(C(=O)NC(C(=O)N1)CO)NC(=O)C1CCCN1C(=O)C(C(C)CC)NC(=O)C(C)NC(=O)C(CCC(=O)O)NC(=O)C(CC(C)C)N)C(=O)NC(C(C)C)C(=O)NC(Cc1ccccc1)C(=O)NC(Cc1ccccc1)C(=O)NCC(=O)NC(CCCCN)C(=O)N1CCCC1C(=O)NC(Cc1ccccc1)C(=O)NC(C(C)C)C(=O)NC(Cc1ccccc1)C(=O)O,1,"L-E-A-I-P-C(20,3)-S-I-P-P-C(20,3)-V-F-F-G-K-P-F-V-F"
CC(C(=O)NC(CCCNC(=N)N)C(=O)NC(CCC(=O)N)C(=O)NC(CS)C(=O)NC(CCCNC(=N)N)C(=O)NC(C)C(=O)N1CCCC1C(=O)NC(CCCNC(=N)N)C(=O)NC(CCCNC(=N)N)C(=O)NC(CCC(=O)N)C(=O)O)NC(=O)C(CO)NC(=O)C(Cc1cnc[nH]1)NC(=O)CNC(=O)C(CCC(=O)O)NC(=O)C(CCCCN)N,1,K-E-G-H-S-A-R-dQ-C-R-A-P-R-R-dQ
CCC(C)C(C(=O)NC(C(C)C)C(=O)N1CCCC1C(=O)NC(CS)C(=O)O)NC(=O)C(CC(=O)O)NC(=O)C(CC(=O)O)NC(=O)C,1,ac-D-D-I-V-P-C
CCC(C)C(C(=O)NC(C(C)CC)C(=O)NC(CC(C)C)C(=O)NC(CO)C(=O)NCC(=O)NC(CCCN=C(N)N)C(=O)NC(CCCCN)C(=O)O)NC(=O)C(CCCN=C(N)N)NC(=O)CNC(=O)C(C(C)C)NC(=O)C(C(C)CC)NC(=O)C(C(C)C)NC(=O)C(C(C)C)NC(=O)C(CO)NC(=O)CNC(=O)CNC(=O)C(CCCN=C(N)N)NC(=O)C,1,ac-X2075-G-G-S-V-V-I-V-G-X2075-I-I-L-S-G-X2075-K
CC(C(C(=O)NC(C(C)O)C(=O)NC(C(C)O)C(=O)NC(CC(=O)N)C(=O)NC(Cc1ccc(cc1)O)C(=O)NC(C(C)O)C(=O)O)NC(=O)C(CO)NC(=O)C(C)N)O,1,A-S-T-T-T-dN-Y-T
CCC(C)C1C(=O)N2CCCC2C(=O)N2CCCC2C(=O)NC(CSSCC(C(=O)NC(C(=O)N1)CO)NC(=O)C1CCCN1C(=O)C(C(C)CC)NC(=O)C(C)NC(=O)C(CCC(=O)O)NC(=O)C(CC(C)C)N)C(=O)NC(Cc1ccccc1)C(=O)NC(CC(C)C)C(=O)NC(Cc1ccccc1)C(=O)NCC(=O)NC(CCCCN)C(=O)N1CCCC1C(=O)NC(Cc1ccccc1)C(=O)NC(C(C)C)C(=O)NC(Cc1ccccc1)C(=O)O,1,"L-E-A-I-P-C(20,3)-S-I-P-P-C(20,3)-F-L-F-G-K-P-F-V-F"
CCC(C)C1C(=O)NC(C(=O)NC2CSSCC3C(=O)NC4CSSCC(C(=O)NC(CSSCC(C(=O)N1)NC(=O)C(C(C)CC)NC(=O)C1CCCN1C(=O)C(Cc1ccccc1)NC(=O)C(Cc1c[nH]cn1)NC(=O)C(C(C)O)NC(=O)C(CC(=O)O)N)C(=O)NC(CCCCN)C(=O)NC(C(C)O)C(=O)O)NC(=O)C(NC(=O)CNC(=O)C(CSSCC(C(=O)NCC(=O)N3)NC2=O)NC(=O)C(NC(=O)C(NC(=O)C(NC(=O)C(NC4=O)Cc1c[nH]cn1)CCCNC(=N)N)CO)CCCCN)CCSC)Cc1ccccc1,1,"D-T-H-F-P-I-C(27,3)-I-F-C(25,3)-C(28,3)-G-C(25,3)-C(26,3)-H-R-S-K-C(28,3)-G-M-C(26,3)-C(27,3)-K-T"
CCC(C)C(C(=O)NC(CCN=C(N)N)C(=O)NC(C(C)CC)C(=O)NC(CCC(=O)N)C(=O)NC(CCN=C(N)N)C(=O)NCC(=O)N1CCCC1C(=O)NCC(=O)NC(CCN=C(N)N)C(=O)NC(C)C(=O)NC(Cc1ccccc1)C(=O)NC(C(C)C)C(=O)NC(C(C)O)C(=O)NC(C(C)CC)C(=O)NCC(=O)NC(CCCCN)C(=O)O)N,1,I-X-I-dQ-X-G-P-G-X-A-F-V-T-I-G-K
CCC(C)C1C(=O)N2CCCC2C(=O)N2CCCC2C(=O)NC(C(=O)NC(CSSCC(C(=O)N1)NC(=O)C(CCSC)NC(=O)C1CCCN1C(=O)C(C(C)CC)NC(=O)C(C)NC(=O)C(CCC(=O)O)NC(=O)C(CC(C)C)N)C(=O)NC(C)C(=O)NC(Cc1ccccc1)C(=O)NC(CC(=O)N)C(=O)NC(CCCCN)C(=O)N1CCCC1C(=O)NC(Cc1ccccc1)C(=O)NC(C(C)C)C(=O)NC(Cc1ccccc1)C(=O)O)CCC(=O)O,1,"L-E-A-I-P-M-C(20,3)-I-P-P-E-C(20,3)-A-F-dN-K-P-F-V-F"
CCC(C)C(C(=O)N1CCCC1C(=O)NC(CCSC)C(=O)NC(CO)C(=O)NC(C(C)CC)C(=O)N1CCCC1C(=O)N1CCCC1C(=O)NC(CCC(=O)O)C(=O)NC(C(C)C)C(=O)NC(C)C(=O)NC(Cc1ccccc1)C(=O)NC(C)C(=O)NC(CCCCN)C(=O)N1CCCC1C(=O)NC(Cc1ccccc1)C(=O)NC(C(C)C)C(=O)NC(Cc1ccccc1)C(=O)O)NC(=O)C(C)NC(=O)C(CCC(=O)O)NC(=O)C(CC(C)C)N,1,L-E-A-I-P-M-S-I-P-P-E-V-A-F-A-K-P-F-V-F
CCC(C)C(C(=O)N1CCCC1C(=O)NC(CCSC)C(=O)NC(CO)C(=O)NC(C(C)CC)C(=O)N1CCCC1C(=O)N1CCCC1C(=O)NC(CCC(=O)O)C(=O)NC(C(C)C)C(=O)NC(CCCCN)C(=O)NC(Cc1ccccc1)C(=O)NC(CC(=O)N)C(=O)NC(CCCCN)C(=O)N1CCCC1C(=O)NC(Cc1ccccc1)C(=O)NC(C(C)C)C(=O)NC(Cc1ccccc1)C(=O)O)NC(=O)C(C)NC(=O)C(CCC(=O)O)NC(=O)C(CC(C)C)N,1,L-E-A-I-P-M-S-I-P-P-E-V-K-F-dN-K-P-F-V-F
CCC(C)C1C(=O)N2CCCC2C(=O)N2CCCC2C(=O)NC(CSSCC(C(=O)NC(C(=O)N1)CO)NC(=O)C1CCCN1C(=O)C(C(C)CC)NC(=O)C(C)NC(=O)C(CCC(=O)O)NC(=O)C(CC(C)C)N)C(=O)NC(Cc1ccccc1)C(=O)NC(CC(C)C)C(=O)NC(Cc1ccccc1)C(=O)NC(CC(=O)N)C(=O)NC(CCCCN)C(=O)N1CCCC1C(=O)NC(Cc1ccccc1)C(=O)NC(C(C)C)C(=O)NC(Cc1ccccc1)C(=O)O,1,"L-E-A-I-P-C(20,3)-S-I-P-P-C(20,3)-F-L-F-dN-K-P-F-V-F"
CCC(C)C(C(=O)NC(CS)C(=O)NC(Cc1ccccc1)C(=O)NC(C(C)C)C(=O)NC(CCC(=O)O)C(=O)NC(CC(=O)O)C(=O)O)NC(=O)C(Cc1ccc(cc1)O)NC(=O)C(Cc1ccccc1)N,1,F-Y-I-C-F-V-E-D
CCC(C)C(C(=O)NC(Cc1ccccc1)C(=O)N1CCCC1C(=O)NC(CC(=O)N)C(=O)NC(Cc1ccc(cc1)O)C(=O)NC(C(C)O)C(=O)NC(C(C)CC)C(=O)NC(C(C)C)C(=O)NC(CO)C(=O)NC(CC(=O)O)C(=O)NC(Cc1ccccc1)C(=O)NCC(=O)NC(CCCNC(=N)N)C(=O)N1CCCC1C(=O)NC(CC(=O)N)C(=O)NC(C)C(=O)NC(C)C(=O)O)NC(=O)C(Cc1ccccc1)NC(=O)C(Cc1ccccc1)N,1,F-F-I-F-P-dN-Y-T-I-V-S-D-F-G-R-P-dN-A-A
CCC(C)C(C(=O)NC(CSCc1ccccc1)C(=O)NC(CCC(=O)O)C(=O)NC(C(C)C)C(=O)NC(CCC(=O)O)C(=O)NC(CC(=O)O)C(=O)NC(CCC(=O)N)C(=O)NC(CCCCN)C(=O)NC(CCC(=O)O)C(=O)NC(CCC(=O)O)C(=O)O)NC(=O)C(Cc1ccc(cc1)O)NC(=O)C(C(C)O)N,1,T-Y-I-dSer(Bzl)-E-V-E-D-dQ-K-E-E
CCC(C)C(C(=O)NC(CS)C(=O)NC(CCC(=O)O)C(=O)NC(C(C)C)C(=O)NC(CCC(=O)O)C(=O)NC(Cc1ccccc1)C(=O)NC(CCC(=O)N)C(=O)NC(CCCCN)C(=O)NC(CCC(=O)O)C(=O)NC(CCC(=O)O)C(=O)NC(CC(=O)O)C(=O)NC(CC(=O)O)C(=O)O)NC(=O)C(Cc1ccc(cc1)O)NC(=O)C(Cc1ccccc1)N,1,F-Y-I-C-E-V-E-F-dQ-K-E-E-D-D
CCC(C)C1C(=O)NCC(=O)NC(C(=O)NC2CSSCC(NC(=O)C(NC(=O)C(NC(=O)C(NC(=O)C(NC(=O)CNC(=O)C3CSSCC(C(=O)NC(C(=O)NCC(=O)N1)CC(C)C)NC(=O)CC(C(=O)NC(C(=O)NC(C(=O)NCC(=O)N3)C)Cc1ccccc1)NC(=O)C(NC2=O)CC(=O)N)Cc1ccc(cc1)O)C)C(C)CC)C(C)C)C(=O)NC(Cc1ccccc1)C(=O)NC(Cc1c[nH]c2ccccc12)C(=O)O)CO,1,"W(21,1).F(20,1)(21,2).C(4,1)(20,2)(22,3).C(3,1)(22,3)-dN-D(14,2)-C(23,3)-L-G-I-G-S(3,2).V(4,2)(5,1).I(5,2)(6,1).A(6,2)(7,1).Y(7,2)(8,1).G(8,2)(9,1).C(9,2)(17,1)(23,3).F(14,1)-A-G(17,2)"
CCC(C)C(C(=O)NC(CCC(=O)N)C(=O)NC(CCNC(=N)N)C(=O)NCC(=O)N1CCCC1C(=O)NCC(=O)NC(CCNC(=N)N)C(=O)NC(C)C(=O)NC(Cc1ccccc1)C(=O)NC(C(C)C)C(=O)O)NC(=O)C(CCNC(=N)N)NC(=O)C(C(C)CC)NC(=O)C(CO)NC(=O)C(CCCCN)NC(=O)C(CCNC(=N)N)NC(=O)C(C(C)O)N,1,T-X2516-K-S-I-X2516-I-dQ-X2516-G-P-G-X2516-A-F-V
CCC(C)C(C(=O)NCC(=O)NC(CCCCN)C(=O)O)NC(=O)C(C(C)O)NC(=O)C(C(C)C)NC(=O)C(Cc1ccccc1)NC(=O)C(C)NC(=O)C(CCCN=C(N)N)N,1,X2075-A-F-V-T-I-G-K
CCC(C)C(C(=O)NCC(=O)NC(CCCCN)C(=O)NC(Cc1ccccc1)C(=O)NC(CC(C)C)C(=O)NC(Cc1cnc[nH]1)C(=O)NC(C)C(=O)NC(C)C(=O)NC(CCCCN)C(=O)NC(CCCCN)C(=O)NC(Cc1ccccc1)C(=O)NC(C)C(=O)NC(CCCCN)C(=O)NC(C)C(=O)NC(Cc1ccccc1)C(=O)NC(C(C)C)C(=O)NC(C)C(=O)NC(CCC(=O)O)C(=O)NC(C(C)CC)C(=O)NC(CCSC)C(=O)NC(CC(=O)N)C(=O)NC(CO)C(=O)N)NC(=O)CN,1,G-I-G-K-F-L-H-A-A-K-K-F-A-K-A-F-V-A-E-I-M-dN-S-am
CCC(C)C1C(=O)N2CCCC2C(=O)N2CCCC2C(=O)NC(CSSCC(C(=O)NC(C(=O)N1)CO)NC(=O)C1CCCN1C(=O)C(C(C)CC)NC(=O)C(C)NC(=O)C(CCC(=O)O)NC(=O)C(CC(C)C)N)C(=O)NC(C(C)C)C(=O)NC(Cc1ccccc1)C(=O)NC(Cc1ccccc1)C(=O)NC(CC(=O)N)C(=O)NC(CCCCN)C(=O)N1CCCC1C(=O)NC(Cc1ccccc1)C(=O)NC(C(C)C)C(=O)NC(Cc1ccccc1)C(=O)O,1,"L-E-A-I-P-C(20,3)-S-I-P-P-C(20,3)-V-F-F-dN-K-P-F-V-F"
CCC(C)C(C(=O)N1CCCC1C(=O)NC(CCSC)C(=O)NC(CO)C(=O)NC(C)C(=O)N1CCCC1C(=O)N1CCCC1C(=O)NC(CCC(=O)O)C(=O)NC(C(C)C)C(=O)NC(CCCCN)C(=O)NC(Cc1ccccc1)C(=O)NC(CC(=O)N)C(=O)NC(CCCCN)C(=O)N1CCCC1C(=O)NC(Cc1ccccc1)C(=O)NC(C(C)C)C(=O)NC(Cc1ccccc1)C(=O)O)NC(=O)C(C)NC(=O)C(CCC(=O)O)NC(=O)C(CC(C)C)N,1,L-E-A-I-P-M-S-A-P-P-E-V-K-F-dN-K-P-F-V-F
CCC(C)C(C(=O)N1CCCC1C(=O)NC(CCSC)C(=O)NC(CO)C(=O)NC(C(C)CC)C(=O)N1CCCC1C(=O)N1CCCC1C(=O)NC(CCC(=O)O)C(=O)NC(C(C)C)C(=O)NC(CCCCN)C(=O)NC(C)C(=O)NC(CC(=O)N)C(=O)NC(CCCCN)C(=O)N1CCCC1C(=O)NC(Cc1ccccc1)C(=O)NC(C(C)C)C(=O)NC(Cc1ccccc1)C(=O)O)NC(=O)C(C)NC(=O)C(CCC(=O)O)NC(=O)C(CC(C)C)N,1,L-E-A-I-P-M-S-I-P-P-E-V-K-A-dN-K-P-F-V-F
CCC(C)C(C(=O)N1CCCC1C(=O)NC(CCSC)C(=O)NC(CO)C(=O)NC(C(C)CC)C(=O)N1CCCC1C(=O)N1CCCC1C(=O)NC(CCC(=O)O)C(=O)NC(C(C)C)C(=O)NC(CCCCN)C(=O)NC(Cc1ccccc1)C(=O)NC(CC(=O)N)C(=O)NC(CCCCN)C(=O)N1CCCC1C(=O)NC(Cc1ccccc1)C(=O)NC(C(C)C)C(=O)NC(C)C(=O)O)NC(=O)C(C)NC(=O)C(CCC(=O)O)NC(=O)C(CC(C)C)N,1,L-E-A-I-P-M-S-I-P-P-E-V-K-F-dN-K-P-F-V-A
CCC(C)C(C(=O)NC(Cc1ccccc1)C(=O)NC(Cc1ccccc1)C(=O)NC(C(C)C)C(=O)NC(Cc1ccccc1)C(=O)NC(CC(=O)O)C(=O)NC(CCC(=O)N)C(=O)NC(CCCCN)C(=O)NC(CCC(=O)O)C(=O)NC(CCC(=O)O)C(=O)NC(CC(=O)O)C(=O)NC(CC(=O)O)C(=O)O)NC(=O)C(Cc1ccc(cc1)O)NC(=O)C(C(C)O)N,1,T-Y-I-F-F-V-F-D-dQ-K-E-E-D-D
CCC(C)C(C(=O)NC(CO)C(=O)N1CCCC1C(=O)NC(Cc1ccccc1)C(=O)NC(Cc1ccc(cc1)O)C(=O)NC(CC(=O)N)C(=O)NCC(=O)NC(C(C)O)C(=O)NC(CC(=O)N)C(=O)NC(CCCNC(=N)N)C(=O)NC(CC(=O)N)C(=O)NC(C)C(=O)NC(CO)C(=O)NC(Cc1ccc(cc1)O)C(=O)NC(Cc1ccccc1)C(=O)NCC(=O)O)NC(=O)C(Cc1ccc(cc1)O)NC(=O)C(Cc1c[nH]c2ccccc12)NC(=O)C(CC(=O)O)NC(=O)CNC(=O)C(C(C)O)NC(=O)C(CO)NC(=O)C(C(C)O)NC(=O)C(C)NC(=O)C(Cc1ccccc1)NC(=O)C(Cc1ccccc1)NC(=O)C(Cc1cnc[nH]1)N,1,H-F-F-A-T-S-T-G-D-W-Y-I-S-P-F-Y-dN-G-T-dN-R-dN-A-S-Y-F-G
CCC(C)C(C(=O)N1CCCC1C(=O)NC(CCSC)C(=O)NC(CO)C(=O)NC(C(C)CC)C(=O)N1CCCC1C(=O)N1CCCC1C(=O)NC(CCC(=O)O)C(=O)NC(C(C)C)C(=O)NC(CCCCN)C(=O)NC(Cc1ccccc1)C(=O)NC(CC(=O)N)C(=O)NC(CCCCN)C(=O)N1CCCC1C(=O)NC(Cc1ccccc1)C(=O)NC(C(C)C)C(=O)NC(Cc1ccc(cc1)O)C(=O)O)NC(=O)C(C)NC(=O)C(CCC(=O)O)NC(=O)C(CC(C)C)N,1,L-E-A-I-P-M-S-I-P-P-E-V-K-F-dN-K-P-F-V-Y
CCC(C)C(C(=O)NC(C(C)O)C(=O)NC(C)C(=O)O)NC(=O)C1CCCN1C(=O)C(C)N,1,A-P-I-T-A
CC(C(C(=O)NC(CCCCN)C(=O)N1CCCC1C(=O)NC(CCCN=C(N)N)C(=O)N1CCCC1C(=O)NCC(=O)N1CCCC1C(=O)O)N)O,1,T-K-P-X2075-P-G-P
CC(C)CC(C(=O)O)NC(=O)C(CC(=O)O)NC(=O)C(CC(=O)N)NC(=O)C(C(C)C)NC(=O)C(C(C)C)NC(=O)C(C)NC(=O)CNC(=O)C(C)NC(=O)C(Cc1ccc(cc1)O)N,1,Y-A-G-A-V-V-dN-D-L
CCC(C)C(C(=O)NC(Cc1ccccc1)C(=O)NC(Cc1ccccc1)C(=O)NC(C(C)C)C(=O)NC(CCC(=O)O)C(=O)NC(Cc1ccccc1)C(=O)NC(CCC(=O)N)C(=O)NC(CCCCN)C(=O)NC(CCC(=O)O)C(=O)NC(CCC(=O)O)C(=O)NC(CC(=O)O)C(=O)NC(CC(=O)O)C(=O)O)NC(=O)C(Cc1ccc(cc1)O)NC(=O)C(C(C)O)N,1,T-Y-I-F-F-V-E-F-dQ-K-E-E-D-D
CC(C)CC(C(=O)NC(CC(C)C)C(=O)NC(C)C(=O)NC(CO)C(=O)NC(CC(C)C)C(=O)NCC(=O)NC(CCCCN)C(=O)NC(C(C)C)C(=O)NC(Cc1ccccc1)C(=O)NCC(=O)NCC(=O)NC(Cc1ccc(cc1)O)C(=O)NC(CC(C)C)C(=O)NC(C)C(=O)NC(CCC(=O)O)C(=O)NC(CCCCN)C(=O)NC(CC(C)C)C(=O)NC(CCCCN)C(=O)N1CCCC1C(=O)NC(CCCCN)C(=O)O)NC(=O)CN,1,G-L-L-A-S-L-G-K-V-F-G-G-Y-L-A-E-K-L-K-P-K
CCC(C)C(C(=O)NC(CCCCN)C(=O)N1CCCC1C(=O)N1CCCC1C(=O)NC(CC(C)C)C(=O)N1CCCC1C(=O)NC(CO)C(=O)NC(C(C)C)C(=O)O)NC(=O)C(CCC(=O)N)NC(=O)C(CCCCN)NC(=O)C1CCCN1C(=O)C(CCCCN)N,1,K-P-K-dQ-I-K-P-P-L-P-S-V
CCC(C)C(C(=O)NCC(=O)NC(C)C(=O)NC(C(C)C)C(=O)NC(CC(C)C)C(=O)NC(CCCCN)C(=O)NC(C(C)C)C(=O)NC(CC(C)C)C(=O)N)NC(=O)C(CCCCN)NC(=O)C(CCCCN)NC(=O)C(Cc1ccccc1)NC(=O)C(CC(C)C)NC(=O)C(CCCCN)NC(=O)C(Cc1c[nH]c2ccccc12)NC(=O)C(CCCCN)N,1,K-W-K-L-F-K-K-I-G-A-V-L-K-V-L-am
CCC(C)C(C(=O)NC(C(C)O)C(=O)NC(C)C(=O)O)NC(=O)C1CCCN1C(=O)C(C)NC(=O)C(CC(C)C)NC(=O)C(CC(C)C)NC(=O)C(CCCN=C(N)N)NC(=O)C(Cc1c[nH]c2ccccc12)NC(=O)CN,1,G-W-X2075-L-L-A-P-I-T-A
CCC(C)C(C(=O)NC(Cc1ccccc1)C(=O)NCC(=O)NC(C)C(=O)NC(C(C)CC)C(=O)NC(C)C(=O)NCC(=O)NC(CC(C)C)C(=O)NC(CC(C)C)C(=O)NC(CCCCN)C(=O)NC(CC(=O)N)C(=O)NC(C(C)CC)C(=O)NC(Cc1ccccc1)C(=O)N)N,1,I-F-G-A-I-A-G-L-L-K-dN-I-F-am
CCC(C)C(C(=O)NC(CS)C(=O)NC(CCC(=O)O)C(=O)NC(C(C)C)C(=O)NC(CCC(=O)O)C(=O)NC(Cc1ccccc1)C(=O)NC(CCC(=O)N)C(=O)NC(CCCCN)C(=O)NC(CCC(=O)O)C(=O)NC(CCC(=O)O)C(=O)NC(CC(=O)O)C(=O)NC(CC(=O)O)C(=O)O)NC(=O)C(Cc1ccc(cc1)O)NC(=O)C(C(C)O)N,1,T-Y-I-C-E-V-E-F-dQ-K-E-E-D-D
CCC(C)C(C(=O)N1CCCC1C(=O)NC(CCSC)C(=O)NC(CO)C(=O)NC(C(C)CC)C(=O)N1CCCC1C(=O)N1CCCC1C(=O)NC(CCC(=O)O)C(=O)NC(C(C)C)C(=O)NC(CCCCN)C(=O)NC(Cc1ccccc1)C(=O)NC(CC(=O)N)C(=O)NC(CCCCN)C(=O)N1CCCC1C(=O)NC(Cc1ccccc1)C(=O)NC(C(C)C)C(=O)NC(Cc1ccccc1)C(=O)O)NC(=O)C(C)NC(=O)C(CCC(=O)O)NC(=O)C(CC(C)C)NC(=O)C,1,ac-L-E-A-I-P-M-S-I-P-P-E-V-K-F-dN-K-P-F-V-F
CCC(C)C(C(=O)N1CCCC1C(=O)NC(CCSC)C(=O)NC(CO)C(=O)NC(C(C)CC)C(=O)N1CCCC1C(=O)N1CCCC1C(=O)NC(CCC(=O)O)C(=O)NC(C(C)C)C(=O)NC(CCCCN)C(=O)NC(Cc1ccccc1)C(=O)NC(C)C(=O)NC(CCCCN)C(=O)N1CCCC1C(=O)NC(Cc1ccccc1)C(=O)NC(C(C)C)C(=O)NC(Cc1ccccc1)C(=O)O)NC(=O)C(C)NC(=O)C(CCC(=O)O)NC(=O)C(CC(C)C)N,1,L-E-A-I-P-M-S-I-P-P-E-V-K-F-A-K-P-F-V-F
CCC(C)C(C(=O)N1CCCC1C(=O)NC(CCSC)C(=O)NC(CO)C(=O)NC(C(C)CC)C(=O)N1CCCC1C(=O)N1CCCC1C(=O)NC(CCC(=O)O)C(=O)NC(C(C)C)C(=O)NC(CCCCN)C(=O)NC(Cc1ccccc1)C(=O)NC(CC(=O)N)C(=O)NC(CCCCN)C(=O)N1CCCC1C(=O)NC(Cc1ccccc1)C(=O)NC(C(C)C)C(=O)NC(Cc1ccccc1)C(=O)O)NC(=O)C(C)NC(=O)C(CCC(=O)O)NC(=O)C(C)N,1,A-E-A-I-P-M-S-I-P-P-E-V-K-F-dN-K-P-F-V-F
CC(C)CC(C(=O)NC(Cc1ccc(cc1)O)C(=O)NC(CC(=O)N)C(=O)NC(C(C)O)C(=O)NC(C(C)C)C(=O)NC(C)C(=O)NC(C(C)O)C(=O)NC(CC(C)C)C(=O)O)NC(=O)C(CO)N,1,S-L-Y-dN-T-V-A-T-L
CCC(C)C(C(=O)NC(C(C)CC)C(=O)NC(Cc1cnc[nH]1)C(=O)NC(Cc1cnc[nH]1)C(=O)NC(C(C)C)C(=O)NCC(=O)NC(CC(=O)N)C(=O)NC(Cc1ccccc1)C(=O)NC(C(C)C)C(=O)NC(Cc1cnc[nH]1)C(=O)NCC(=O)NC(Cc1ccccc1)C(=O)NC(CO)C(=O)NC(Cc1cnc[nH]1)C(=O)NC(C(C)C)C(=O)NC(Cc1ccccc1)C(=O)O)NC(=O)C(CCCNC(=N)N)NC(=O)CNC(=O)C(CC(C)C)NC(=O)C(Cc1ccccc1)NC(=O)C(CCC(=O)N)NC(=O)C(Cc1ccccc1)NC(=O)C(C(C)C)N,1,V-F-dQ-F-L-G-R-I-I-H-H-V-G-dN-F-V-H-G-F-S-H-V-F
CCC(C)C(C(=O)NC(CS)C(=O)NC(Cc1ccccc1)C(=O)NC(C(C)C)C(=O)NC(Cc1ccccc1)C(=O)NC(CC(=O)O)C(=O)NC(CCC(=O)N)C(=O)NC(CCCCN)C(=O)NC(CCC(=O)O)C(=O)NC(CCC(=O)O)C(=O)NC(CC(=O)O)C(=O)NC(CC(=O)O)C(=O)O)NC(=O)C(Cc1ccc(cc1)O)NC(=O)C(Cc1ccccc1)N,1,F-Y-I-C-F-V-F-D-dQ-K-E-E-D-D
CCC(C)C(C(=O)N1CCCC1C(=O)NC(CCSC)C(=O)NC(CO)C(=O)NC(C(C)CC)C(=O)N1CCCC1C(=O)N1CCCC1C(=O)NC(CCC(=O)O)C(=O)NC(C(C)C)C(=O)NC(CCCCN)C(=O)NC(Cc1ccccc1)C(=O)NC(CC(=O)N)C(=O)NC(CCCCN)C(=O)N1CCCC1C(=O)NC(Cc1ccccc1)C(=O)NC(C(C)C)C(=O)NC(Cc1ccccc1)C(=O)N)NC(=O)C(C)NC(=O)C(CCC(=O)O)NC(=O)C(CC(C)C)NC(=O)C,1,ac-L-E-A-I-P-M-S-I-P-P-E-V-K-F-dN-K-P-F-V-F-am
CCC(C)C(C(=O)N1CCCC1C(=O)NC(CCSC)C(=O)NC(CO)C(=O)NC(C(C)CC)C(=O)N1CCCC1C(=O)N1CCCC1C(=O)NC(CCC(=O)O)C(=O)NC(C(C)C)C(=O)NC(CCCCN)C(=O)NC(Cc1ccccc1)C(=O)NC(CC(=O)N)C(=O)NC(CCCCN)C(=O)NC(C)C(=O)NC(Cc1ccccc1)C(=O)NC(C(C)C)C(=O)NC(Cc1ccccc1)C(=O)O)NC(=O)C(C)NC(=O)C(CCC(=O)O)NC(=O)C(CC(C)C)N,1,L-E-A-I-P-M-S-I-P-P-E-V-K-F-dN-K-A-F-V-F
CCC(C)C(C(=O)NC(CCSC)C(=O)NC(CCCNC(=N)N)C(=O)NC(CC(C)C)C(=O)NC(CC(C)C)C(=O)NC(CC(=O)O)C(=O)NC(CCC(=O)O)C(=O)NC(CC(C)C)C(=O)NCC(=O)NC(Cc1c[nH]cn1)C(=O)NC(C)C(=O)NC(CCC(=O)O)C(=O)NC(C)C(=O)NC(CO)C(=O)NC(CCSC)C(=O)NC(CCCNC(=N)N)C(=O)NC(C(C)C)C(=O)NC(CO)C(=O)NC(CC(=O)O)C(=O)NC(CC(C)C)C(=O)NC(C(C)CC)C(=O)NC(Cc1ccc(cc1)O)C(=O)NC(CCC(=O)O)C(=O)NC(Cc1ccccc1)C(=O)NC(CCSC)C(=O)NC(CCCCN)C(=O)NC(CCCCN)C(=O)NCC(=O)NC(CC(=O)O)C(=O)NC(CCC(=O)O)C(=O)NC(CCCNC(=N)N)C(=O)NC(CC(C)C)C(=O)NC(CC(C)C)C(=O)NC(CCC(=O)O)C(=O)NC(CCC(=O)O)C(=O)NC(C)C(=O)NC(CCC(=O)O)C(=O)NC(CCCNC(=N)N)C(=O)NC(CC(C)C)C(=O)NC(CC(C)C)C(=O)NC(CCC(=O)O)C(=O)NC(CCC(=O)O)C(=O)NC(C(C)C)C(=O)NC(CCC(=O)O)C(=O)NC(CCCNC(=N)N)C(=O)O)NC(=O)C(CCC(=O)O)NC(=O)C(Cc1ccc(cc1)O)NC(=O)C(C(C)CC)NC(=O)C(CCCCN)NC(=O)C(CCC(=O)N)NC(=O)C(CC(C)C)NC(=O)C(C(C)CC)NC(=O)C(Cc1c[nH]c2ccccc12)NC(=O)C(CCC(=O)O)NC(=O)C(CCCCN)NC(=O)C(CC(=O)O)N,1,D-K-E-W-I-L-dQ-K-I-Y-E-I-M-R-L-L-D-E-L-G-H-A-E-A-S-M-R-V-S-D-L-I-Y-E-F-M-K-K-G-D-E-R-L-L-E-E-A-E-R-L-L-E-E-V-E-R
CC(C)CC(C(=O)NC(CC(C)C)C(=O)O)NC(=O)C(CCCN=C(N)N)NC(=O)C(Cc1c[nH]c2ccccc12)NC(=O)CN,1,G-W-X2075-L-L
CCC(C)C(C(=O)NC(Cc1ccccc1)C(=O)NC(CCC(=O)O)C(=O)NC(C(C)C)C(=O)NC(CCC(=O)O)C(=O)NC(Cc1ccccc1)C(=O)NC(CCC(=O)N)C(=O)NC(CCCCN)C(=O)NC(CCC(=O)O)C(=O)NC(CCC(=O)O)C(=O)NC(CC(=O)O)C(=O)NC(CC(=O)O)C(=O)O)NC(=O)C(Cc1ccc(cc1)O)NC(=O)C(C(C)O)N,1,T-Y-I-F-E-V-E-F-dQ-K-E-E-D-D
CCC(C)C(C(=O)NC(Cc1ccccc1)C(=O)NC(CCC(=O)O)C(=O)NC(C(C)C)C(=O)NC(Cc1ccccc1)C(=O)NC(Cc1ccccc1)C(=O)NC(CCC(=O)N)C(=O)NC(CCCCN)C(=O)NC(CCC(=O)O)C(=O)NC(CCC(=O)O)C(=O)NC(CC(=O)O)C(=O)NC(CC(=O)O)C(=O)O)NC(=O)C(Cc1ccc(cc1)O)NC(=O)C(C(C)O)N,1,T-Y-I-F-E-V-F-F-dQ-K-E-E-D-D
CCC(C)C(C(=O)NCC(=O)N1CCCC1C(=O)NCC(=O)NC(CCCN=C(N)N)C(=O)NC(C)C(=O)NC(Cc1ccccc1)C(=O)NC(Cc1ccc(cc1)O)C(=O)NC(C(C)O)C(=O)NC(C(C)O)C(=O)NC(CCCCN)C(=O)NC(CC(=O)N)C(=O)O)NC(=O)C(Cc1cnc[nH]1)N,1,H-I-G-P-G-X2075-A-F-Y-T-T-K-dN
CCC(C)C(C(=O)NCC(=O)NC(C)C(=O)NC(C(C)C)C(=O)NC(CC(C)C)C(=O)NC(CCCCN)C(=O)NC(C(C)C)C(=O)NC(CC(C)C)C(=O)NC(C(C)O)C(=O)NC(C(C)O)C(=O)NC(CCCCN)C(=O)NC(C(C)CC)C(=O)NC(Cc1c[nH]c2ccccc12)C(=O)NC(CO)C(=O)NC(C(C)CC)C(=O)NC(CC(C)C)C(=O)NC(C)C(=O)N1CCCC1C(=O)NC(CC(C)C)C(=O)NCC(=O)NC(CCCNC(=N)N)C(=O)NC(CCCCN)C(=O)NC(CCCNC(=N)N)C(=O)NC(CCC(=O)N)C(=O)NC(CCC(=O)N)C(=O)N)NC(=O)CN,1,G-I-G-A-V-L-K-V-L-T-T-K-I-W-S-I-L-A-P-L-G-R-K-R-dQ-dQ-am
CCC(C)C(C(=O)NC(CC(C)C)C(=O)NC(CCC(=O)N)C(=O)NC(CCC(=O)N)C(=O)NC(CC(C)C)C(=O)NC(CC(C)C)C(=O)NC(Cc1ccccc1)C(=O)NC(C(C)CC)C(=O)NC(Cc1cnc[nH]1)C(=O)NC(Cc1ccccc1)C(=O)NC(CCCNC(=N)N)C(=O)NC(C(C)CC)C(=O)NCC(=O)NC(CCCNC(=N)N)C(=O)NC(CCCNC(=N)N)C(=O)NC(CCCNC(=N)N)C(=O)NC(CCCNC(=N)N)C(=O)NC(CCCNC(=N)N)C(=O)NC(CCCNC(=N)N)C(=O)NC(CCCNC(=N)N)C(=O)NC(CCCNC(=N)N)C(=O)N)NC(=O)C,1,ac-I-L-dQ-dQ-L-L-F-I-H-F-R-I-G-R-R-R-R-R-R-R-R-am
CCC(C)C(C(=O)N1CCCC1C(=O)NC(CCCNC(=N)N)C(=O)NC(CO)C(=O)NC(C(C)CC)C(=O)N1CCCC1C(=O)N1CCCC1C(=O)NC(CCC(=O)O)C(=O)NC(C(C)C)C(=O)NC(CCCCN)C(=O)NC(Cc1ccccc1)C(=O)NC(CC(=O)N)C(=O)NC(CCCCN)C(=O)N1CCCC1C(=O)NC(Cc1ccccc1)C(=O)NC(C(C)C)C(=O)NC(Cc1ccccc1)C(=O)O)NC(=O)C(CCCNC(=N)N)NC(=O)C(CCC(=O)O)NC(=O)C(CC(C)C)N,1,L-E-R-I-P-R-S-I-P-P-E-V-K-F-dN-K-P-F-V-F
CCC(C)C(C(=O)N1CCCC1C(=O)NC(CCSC)C(=O)NC(CO)C(=O)NC(C(C)CC)C(=O)N1CCCC1C(=O)N1CCCC1C(=O)NC(CCC(=O)O)C(=O)NC(C(C)C)C(=O)NC(CCCCN)C(=O)NC(Cc1ccccc1)C(=O)NC(CC(=O)N)C(=O)NC(C)C(=O)N1CCCC1C(=O)NC(Cc1ccccc1)C(=O)NC(C(C)C)C(=O)NC(Cc1ccccc1)C(=O)O)NC(=O)C(C)NC(=O)C(CCC(=O)O)NC(=O)C(CC(C)C)N,1,L-E-A-I-P-M-S-I-P-P-E-V-K-F-dN-A-P-F-V-F
CCC(C)C(C(=O)N1CCCC1C(=O)NC(CCSC)C(=O)NC(CO)C(=O)NC(C(C)CC)C(=O)N1CCCC1C(=O)N1CCCC1C(=O)NC(CCC(=O)O)C(=O)NC(C(C)C)C(=O)NC(CCCCN)C(=O)NC(Cc1ccccc1)C(=O)NC(CC(=O)N)C(=O)NC(CCCCN)C(=O)N1CCCC1C(=O)NC(Cc1ccccc1)C(=O)NC(C(C)C)C(=O)NC(Cc1ccccc1)C(=O)N)NC(=O)C(C)NC(=O)C(CCC(=O)O)NC(=O)C(CC(C)C)N,1,L-E-A-I-P-M-S-I-P-P-E-V-K-F-dN-K-P-F-V-F-am
CCC(C)C(C(=O)NC(CO)C(=O)NC(CCC(=O)N)C(=O)NCC(=O)NC(C(C)O)C(=O)NC(CCC(=O)N)C(=O)O)NC(=O)C(C(C)O)NC(=O)C(CC(=O)O)NC(=O)C(C)NC(=O)C(C)NC(=O)C(C)NC(=O)CNC(=O)C(CC(C)C)NC(=O)C(C)NC(=O)C(C)NC(=O)C(CCCCN)NC(=O)CNC(=O)C(C)NC(=O)C(Cc1cnc[nH]1)NC(=O)C(CC(C)C)NC(=O)C(C)NC(=O)C(CCSC)NC(=O)C(C(C)O)NC(=O)CNC(=O)C(CC(C)C)NC(=O)C(CCCCN)NC(=O)C(CCCCN)NC(=O)C(CC(C)C)NC(=O)C(CCSC)NC(=O)C(C(C)O)NC(=O)C(CCCCN)NC(=O)C(Cc1c[nH]c2ccccc12)NC(=O)C(CC(C)C)NC(=O)C(C)N,1,A-L-W-K-T-M-L-K-K-L-G-T-M-A-L-H-A-G-K-A-A-L-G-A-A-A-D-T-I-S-dQ-G-T-dQ
CC(C)CC(C(=O)NC(C)C(=O)NC(CCC(=O)N)C(=O)NC(Cc1ccccc1)C(=O)NCC(=O)NC(CCC(=O)O)C(=O)NC(Cc1c[nH]c2ccccc12)C(=O)NC(CC(C)C)C(=O)O)NC(=O)C(C)NC(=O)CNC(=O)C(CCC(=O)N)NC(=O)C(CCC(=O)O)NC(=O)CN,1,G-E-dQ-G-A-L-A-dQ-F-G-E-W-L
CCC(C)C(C(=O)NC(CS)C(=O)NC(Cc1ccccc1)C(=O)NC(C(C)C)C(=O)NC(CCC(=O)O)C(=O)NC(CC(=O)O)C(=O)NC(CCC(=O)O)C(=O)O)NC(=O)C(Cc1ccc(cc1)O)N,1,Y-I-C-F-V-E-D-E
CCC(C)C(C(=O)N1CCCC1C(=O)NC(CCSC)C(=O)NC(CO)C(=O)NC(C(C)CC)C(=O)N1CCCC1C(=O)N1CCCC1C(=O)NC(CCC(=O)O)C(=O)NC(C)C(=O)NC(CCCCN)C(=O)NC(Cc1ccccc1)C(=O)NC(CC(=O)N)C(=O)NC(CCCCN)C(=O)N1CCCC1C(=O)NC(Cc1ccccc1)C(=O)NC(C(C)C)C(=O)NC(Cc1ccccc1)C(=O)O)NC(=O)C(C)NC(=O)C(CCC(=O)O)NC(=O)C(CC(C)C)N,1,L-E-A-I-P-M-S-I-P-P-E-A-K-F-dN-K-P-F-V-F
CCC(C)C(C(=O)N1CCCC1C(=O)NC(CCSC)C(=O)NC(CO)C(=O)NC(C(C)CC)C(=O)N1CCCC1C(=O)N1CCCC1C(=O)NC(CCC(=O)O)C(=O)NC(C(C)C)C(=O)N1Cc2ccccc2CC1C(=O)NC(Cc1ccccc1)C(=O)NC(CC(=O)N)C(=O)NC(CCCCN)C(=O)N1CCCC1C(=O)NC(Cc1ccccc1)C(=O)NC(C(C)C)C(=O)NC(Cc1ccccc1)C(=O)O)NC(=O)C(CCCCN)NC(=O)C(CCC(=O)O)NC(=O)C(CC(C)C)N,1,L-E-K-I-P-M-S-I-P-P-E-V-Tic-F-dN-K-P-F-V-F
CCC(C)C(C(=O)NCC(=O)NC(CCCCN)C(=O)NC(CCC(=O)O)C(=O)NC(Cc1ccccc1)C(=O)NC(CCCCN)C(=O)NC(CCCNC(=N)N)C(=O)NC(C(C)CC)C(=O)NC(C(C)C)C(=O)NC(CCC(=O)N)C(=O)NC(CCCNC(=N)N)C(=O)NC(C(C)CC)C(=O)NC(CCCCN)C(=O)NC(CC(=O)O)C(=O)NC(Cc1ccccc1)C(=O)NC(CC(C)C)C(=O)NC(CCCNC(=N)N)C(=O)NC(CC(=O)N)C(=O)NC(CC(C)C)C(=O)NC(C(C)C)C(=O)N1CCCC1C(=O)NC(CCCNC(=N)N)C(=O)NC(C(C)O)C(=O)NC(CCC(=O)O)C(=O)NC(CO)C(=O)O)NC(=O)C(CCCCN)NC(=O)C(CCC(=O)O)NC(=O)C(CCCCN)NC(=O)C(CO)NC(=O)C(CCCCN)NC(=O)C(CCCNC(=N)N)NC(=O)C(Cc1ccccc1)NC(=O)C(Cc1ccccc1)NC(=O)C(CC(=O)O)NC(=O)CNC(=O)C(CC(C)C)NC(=O)C(CC(C)C)N,1,L-L-G-D-F-F-R-K-S-K-E-K-I-G-K-E-F-K-R-I-V-dQ-R-I-K-D-F-L-R-dN-L-V-P-R-T-E-S
C1CC(N(C1)C(=O)CN)C(=O)N1CC(CC1C(=O)NCC(=O)N1CCCC1C(=O)N1CC(CC1C(=O)NCC(=O)N1CCCC1C(=O)N1CC(CC1C(=O)NCC(=O)O)O)O)O,1,G-P-Hyp-G-P-Hyp-G-P-Hyp-G
CCC(C)C(C(=O)NC(CS)C(=O)NC(Cc1ccccc1)C(=O)NC(C(C)C)C(=O)NC(Cc1ccccc1)C(=O)NC(Cc1ccccc1)C(=O)NC(CCC(=O)N)C(=O)NC(CCCCN)C(=O)NC(CCC(=O)O)C(=O)NC(CCC(=O)O)C(=O)NC(CC(=O)O)C(=O)NC(CC(=O)O)C(=O)O)NC(=O)C(Cc1ccc(cc1)O)NC(=O)C(C(C)O)N,1,T-Y-I-C-F-V-F-F-dQ-K-E-E-D-D
CCC(C)C(C(=O)NC(C(C)C)C(=O)N1CCCC1C(=O)NC(CC(=O)O)C(=O)NC(CCCNC(=N)N)C(=O)NC(CCC(=O)O)C(=O)NC(CC(C)C)C(=O)NC(CC(C)C)C(=O)NC(Cc1ccc(cc1)O)C(=O)NC(CCC(=O)N)C(=O)NC(CCC(=O)O)C(=O)NC(Cc1ccccc1)C(=O)NC(CC(=O)O)C(=O)NC(CCC(=O)O)C(=O)O)NC(=O)C(C)NC(=O)C1CCCN1C(=O)C(CCCNC(=N)N)NC(=O)CNC(=O)C(CO)NC(=O)C(CC(C)C)NC(=O)C(C(C)CC)NC(=O)C(C(C)CC)NC(=O)C(CCCNC(=N)N)NC(=O)CNC(=O)C(C(C)C)NC(=O)C(C(C)CC)NC(=O)C(C(C)C)NC(=O)C(C(C)C)NC(=O)C(CO)NC(=O)CNC(=O)C(CCCCN)NC(=O)C(CCCCN)N,1,K-K-G-S-V-V-I-V-G-R-I-I-L-S-G-R-P-A-I-V-P-D-R-E-L-L-Y-dQ-E-F-D-E
CCC(C)C(C(=O)NC(Cc1ccc(cc1)O)C(=O)NC(C)C(=O)NC(C(C)O)C(=O)NCC(=O)NC(CCC(=O)N)C(=O)O)NC(=O)C(C(C)C)NC(=O)C(CCCN=C(N)N)NC(=O)CNC(=O)C1CCCN1C(=O)CNC(=O)C(CCCCN)NC(=O)C(C(C)O)N,1,T-K-G-P-G-X2075-V-I-Y-A-T-G-dQ
CCC(C)C(C(=O)NC(Cc1ccccc1)C(=O)NC(Cc1ccccc1)C(=O)NC(C(C)C)C(=O)NC(Cc1ccccc1)C(=O)NC(Cc1ccccc1)C(=O)NC(CCC(=O)N)C(=O)NC(CCCCN)C(=O)NC(CCC(=O)O)C(=O)NC(CCC(=O)O)C(=O)NC(CC(=O)O)C(=O)NC(CC(=O)O)C(=O)O)NC(=O)C(Cc1ccc(cc1)O)NC(=O)C(C(C)O)N,1,T-Y-I-F-F-V-F-F-dQ-K-E-E-D-D
CCC(C)C1C(=O)NC(C(=O)NCC(=O)NC(C(=O)NC(C(=O)NC(C(=O)NC(C(=O)NCC(=O)NC(C(=O)NC2CSSCC3C(=O)NC(C(=O)NC(C(=O)N4CCCC4C(=O)NC(C(=O)NC(CSSCC(C(=O)NC(CSSCC(C(=O)NC(C(=O)N3)Cc3ccc(cc3)O)NC(=O)C(C)N)C(=O)O)NC(=O)C(NC(=O)C(NC(=O)C(NC(=O)C(NC(=O)C(NC(=O)CNC(=O)C(NC(=O)C(NC(=O)C(NC2=O)C(C)CC)Cc2ccc(cc2)O)CCC(=O)N)CCCNC(=N)N)CC(C)C)Cc2c[nH]c3ccccc23)C)Cc2ccccc2)C(=O)N1)C)C(C)CC)CCCNC(=N)N)C(C)O)Cc1ccc(cc1)O)CCCNC(=N)N)CCCNC(=N)N)CCC(=O)O)C,1,"A-C(32,3)-Y-C(30,3)-R-I-P-A-C(31,3)-I-A-G-E-R-R-Y-G-T-C(30,3)-I-Y-dQ-G-R-L-W-A-F-C(31,3)-C(32,3)"
CC(C(=O)NC(CCCCN)C(=O)NC(CCCCN)C(=O)NC(C)C(=O)NC(CCCCN)C(=O)NC(CCCCN)C(=O)NC(CCCCN)C(=O)NC(C)C(=O)NC(CCCCN)C(=O)NC(CCCCN)C(=O)NC(C)C(=O)NC(CCCCN)C(=O)NC(CCCCN)C(=O)NC(CCCCN)C(=O)NC(C)C(=O)NC(CCCCN)C(=O)NC(CCCCN)C(=O)NC(C)C(=O)NC(CCCCN)C(=O)NC(CCCCN)C(=O)NC(CCCCN)C(=O)O)N,1,A-K-K-A-K-K-K-A-K-K-A-K-K-K-A-K-K-A-K-K-K
CCC(C)C1C(=O)N2CCCC2C(=O)NC(CSSCC(C(=O)NC(C(=O)NC(C(=O)N2CCCC2C(=O)N2CCCC2C(=O)NC(C(=O)NC(C(=O)NC(C(=O)NC(C(=O)NCC(=O)NC(C(=O)N2CCCC2C(=O)NC(C(=O)NC(C(=O)NC(C(=O)NC(C(=O)NC(C(=O)NC(C(=O)N1)C)CCC(=O)O)CC(C)C)Cc1ccccc1)C(C)C)Cc1ccccc1)CCCCN)Cc1ccccc1)CC(C)C)Cc1ccccc1)CCC(=O)O)C(C)CC)CO)NC(=O)C1CCCN1C(=O)C(C(C)CC)NC(=O)C(C)NC(=O)C(CCC(=O)O)NC(=O)C(CC(C)C)N)C(=O)NC(CO)C(=O)NC(C(C)CC)C(=O)N1CCCC1C(=O)N1CCCC1C(=O)NC(CCC(=O)O)C(=O)NC(Cc1ccccc1)C(=O)NC(CC(C)C)C(=O)NC(Cc1ccccc1)C(=O)NCC(=O)NC(CCCCN)C(=O)N1CCCC1C(=O)NC(Cc1ccccc1)C(=O)NC(C(C)C)C(=O)NC(Cc1ccccc1)C(=O)O,1,"L-E-A-I-P-C(40,3)-S-I-P-P-E-F-L-F-G-K-P-F-V-F-L-E-A-I-P-C(40,3)-S-I-P-P-E-F-L-F-G-K-P-F-V-F"
CCC(C)C(C(=O)NC(C(C)O)C(=O)NC(C(C)O)C(=O)NC(C)C(=O)NC(CCCNC(=N)N)C(=O)NC(CO)C(=O)NC(CCCCN)C(=O)NC(Cc1ccc(cc1)O)C(=O)N1CCCC1C(=O)NC(Cc1ccc(cc1)O)C(=O)O)NC(=O)C(C(C)O)NC(=O)C(CC(C)C)NC(=O)C(CCSC)NC(=O)C(C)NC(=O)C(CC(=O)N)NC(=O)C(CC(C)C)NC(=O)C(CC(=O)N)NC(=O)C(C)NC(=O)C(C(C)O)NC(=O)C(CCC(=O)O)NC(=O)C(CCCNC(=N)N)NC(=O)C(Cc1ccc(cc1)O)NC(=O)C(CC(C)C)NC(=O)C(Cc1c[nH]c2ccccc12)NC(=O)C(C(C)O)NC(=O)C(CO)NC(=O)CNC(=O)C(CCCNC(=N)N)NC(=O)C(CO)NC(=O)C(Cc1cnc[nH]1)NC(=O)C(Cc1c[nH]c2ccccc12)N,1,W-H-S-R-G-S-T-W-L-Y-R-E-T-A-dN-L-dN-A-M-L-T-I-T-T-A-R-S-K-Y-P-Y
CCC(C)C(C(=O)NC(CC(C)C)C(=O)N1CCCC1C(=O)NC(Cc1c[nH]c2ccccc12)C(=O)NC(CCCCN)C(=O)NC(Cc1c[nH]c2ccccc12)C(=O)N1CCCC1C(=O)NC(Cc1c[nH]c2ccccc12)C(=O)NC(Cc1c[nH]c2ccccc12)C(=O)N1CCCC1C(=O)NC(Cc1c[nH]c2ccccc12)C(=O)NC(CCCNC(=N)N)C(=O)NC(CCCNC(=N)N)C(=O)N)N,1,I-L-P-W-K-W-P-W-W-P-W-R-R-am
CCC(C)C(C(=O)N1CCCC1C(=O)NC(CCSC)C(=O)NC(CO)C(=O)NC(C(C)CC)C(=O)N1CCCC1C(=O)N1CCCC1C(=O)NC(CCC(=O)O)C(=O)NC(C(C)C)C(=O)NC(C)C(=O)NC(Cc1ccccc1)C(=O)NC(CC(=O)N)C(=O)NC(CCCCN)C(=O)N1CCCC1C(=O)NC(Cc1ccccc1)C(=O)NC(C(C)C)C(=O)NC(Cc1ccccc1)C(=O)O)NC(=O)C(C)NC(=O)C(CCC(=O)O)NC(=O)C(CC(C)C)N,1,L-E-A-I-P-M-S-I-P-P-E-V-A-F-dN-K-P-F-V-F
CC(C)C(C(=O)NC(C)C(=O)O)NC(=O)C1CCCN1C(=O)C(Cc1ccccc1)NC(=O)C(CC(=O)N)NC(=O)C(CCCN=C(N)N)NC(=O)C1CCCN1C(=O)C(CCCCN)NC(=O)C(CCCCN)NC(=O)CNC(=O)C(Cc1c[nH]c2ccccc12)NC(=O)C1CCCN1C(=O)CNC(=O)C(CCSC)NC(=O)CN,1,G-M-G-P-W-G-K-K-P-X2075-dN-F-P-V-A
CCC(C)C(C(=O)NC(CC(C)C)C(=O)NC(CCC(=O)N)C(=O)NC(CCC(=O)O)C(=O)NC(CCCN=C(N)N)C(=O)P(=O)(O)O)NC(=O)C1CCCN1C(=O)C(C(C)C)NC(=O)C(Cc1c[nH]cn1)NC(=O)C(CO)NC(=O)C(CC(=O)N)NC(=O)C(C(C)O)NC(=O)C(C(C)CC)NC(=O)C(CC(=O)N)NC(=O)C1CCCN1C(=O)C(Cc1ccccc1)NC(=O)C(CCCN=C(N)N)NC(=O)C(CS)N,1,C-X2075-F-P-dN-I-T-dN-S-H-V-P-I-L-dQ-E-X
CCC(C)C(C(=O)NC(Cc1ccccc1)C(=O)NC(CC(=O)O)C(=O)NC(C(C)CC)C(=O)NC(C(C)CC)C(=O)NC(CCCCN)C(=O)NC(C(C)O)C(=O)NC(C(C)C)C(=O)NCC(=O)NC(CCCCN)C(=O)NC(CCC(=O)O)C(=O)NC(C)C(=O)NCC(=O)NC(CCSC)C(=O)NC(CC(=O)O)C(=O)NC(C(C)C)C(=O)NC(CC(C)C)C(=O)NC(CCCNC(=N)N)C(=O)NC(C(C)O)C(=O)NCC(=O)NC(C(C)CC)C(=O)NC(CC(=O)O)C(=O)NC(C(C)C)C(=O)NC(C(C)CC)C(=O)NCC(=O)NC(CS)C(=O)NC(CCCCN)C(=O)NC(C(C)CC)C(=O)NC(CCCCN)C(=O)NCC(=O)NC(CCC(=O)O)C(=O)NC(CS)C(=O)O)NC(=O)CNC(=O)C(C(C)O)NC(=O)C(CCCCN)NC(=O)C(C(C)C)NC(=O)C(CCCCN)NC(=O)C(CCCCN)NC(=O)C(CCCCN)NC(=O)C(CC(=O)N)NC(=O)C(Cc1ccccc1)NC(=O)C(CCCCN)NC(=O)C1CCCN1C(=O)C(Cc1ccccc1)NC(=O)C(CC(C)C)NC(=O)CN,1,G-L-F-P-K-F-dN-K-K-K-V-K-T-G-I-F-D-I-I-K-T-V-G-K-E-A-G-M-D-V-L-R-T-G-I-D-V-I-G-C-K-I-K-G-E-C
CCC(C)C(C(=O)N1CCCC1C(=O)NC(CCSC)C(=O)NC(CO)C(=O)NC(C(C)CC)C(=O)N1CCCC1C(=O)N1CCCC1C(=O)NC(C)C(=O)NC(C(C)C)C(=O)NC(CCCCN)C(=O)NC(Cc1ccccc1)C(=O)NC(CC(=O)N)C(=O)NC(CCCCN)C(=O)N1CCCC1C(=O)NC(Cc1ccccc1)C(=O)NC(C(C)C)C(=O)NC(Cc1ccccc1)C(=O)O)NC(=O)C(C)NC(=O)C(CCC(=O)O)NC(=O)C(CC(C)C)N,1,L-E-A-I-P-M-S-I-P-P-A-V-K-F-dN-K-P-F-V-F
CCC(C)C(C(=O)NC(CCCCN)C(=O)NC(CC(=O)O)C(=O)NC(Cc1ccccc1)C(=O)NC(CC(C)C)C(=O)NC(CCCNC(=N)N)C(=O)NC(CC(=O)N)C(=O)NC(CC(C)C)C(=O)NC(C(C)C)C(=O)N1CCCC1C(=O)NC(CCCNC(=N)N)C(=O)NC(C(C)O)C(=O)NC(CCC(=O)O)C(=O)NC(CO)C(=O)O)NC(=O)C(CCCNC(=N)N)NC(=O)C(CCC(=O)N)NC(=O)C(C(C)C)NC(=O)C(C(C)CC)NC(=O)C(CCCNC(=N)N)NC(=O)C(CCCCCN)N,1,K-R-I-V-dQ-R-I-K-D-F-L-R-dN-L-V-P-R-T-E-S
CC(C)C(C(=O)NC(Cc1cnc[nH]1)C(=O)NCC(=O)O)NC(=O)CNC(=O)C(Cc1cnc[nH]1)NC(=O)C(CCC(=O)N)NC(=O)CNC(=O)C(Cc1cnc[nH]1)NC(=O)CNC(=O)C(CO)NC(=O)C(C(C)C)NC(=O)CNC(=O)C(Cc1cnc[nH]1)N,1,H-G-V-S-G-H-G-dQ-H-G-V-H-G
CCC(C)C(C(=O)NC(CCCCN)C(=O)NC(Cc1c[nH]c2ccccc12)C(=O)NC(CCC(=O)O)C(=O)NC(Cc1ccc(cc1)O)C(=O)NC(C(C)C)C(=O)NC(CC(C)C)C(=O)NC(CC(C)C)C(=O)NC(CC(C)C)C(=O)NC(Cc1ccccc1)C(=O)NC(CC(C)C)C(=O)NC(CC(C)C)C(=O)O)NC(=O)C(C)N,1,A-I-K-W-E-Y-V-L-L-L-F-L-L
CCC(C)C(C(=O)NC(CCC(=O)N)C(=O)NC(CCC(=O)N)C(=O)NC(CCC(=O)O)C(=O)NC(CCCCN)C(=O)NC(CC(=O)N)C(=O)NC(CCC(=O)O)C(=O)NC(Cc1ccc(cc1)O)C(=O)NC(CCC(=O)O)C(=O)NC(CC(C)C)C(=O)NC(CCC(=O)N)C(=O)NC(CCCCN)C(=O)NC(CC(C)C)C(=O)NC(CC(=O)O)C(=O)NC(CCCCN)C(=O)NC(Cc1c[nH]c2ccccc12)C(=O)NC(C)C(=O)NC(CO)C(=O)NC(CC(C)C)C(=O)NC(Cc1c[nH]c2ccccc12)C(=O)NC(CCC(=O)O)C(=O)NC(Cc1c[nH]c2ccccc12)C(=O)NC(Cc1ccccc1)C(=O)N)NC(=O)C(CCC(=O)N)NC(=O)C(C)NC(=O)C(CCC(=O)N)NC(=O)C(CCC(=O)O)NC(=O)C(CC(C)C)NC(=O)C(CC(C)C)NC(=O)C(C)NC(=O)C(C(C)O)NC(=O)C(C(C)CC)NC(=O)C(CCCCN)NC(=O)C(CCC(=O)N)NC(=O)C(CCC(=O)O)NC(=O)C(Cc1c[nH]c2ccccc12)NC(=O)C(CCC(=O)O)NC(=O)C(CCC(=O)N)NC(=O)C(Cc1c[nH]c2ccccc12)NC(=O)C,1,ac-W-dQ-E-W-E-dQ-K-I-T-A-L-L-E-dQ-A-dQ-I-dQ-dQ-E-K-dN-E-Y-E-L-dQ-K-L-D-K-W-A-S-L-W-E-W-F-am
CCC(C)C(C(=O)NC(CO)C(=O)NC(CCCCN)C(=O)NC(CCC(=O)N)C(=O)NC(CS)C(=O)O)NC(=O)C(CCCCN)NC(=O)C(CS)NC(=O)C(C)NC(=O)C(C(C)C)NC(=O)C(CC(C)C)NC(=O)C(CC(=O)N)NC(=O)C(C(C)C)NC(=O)CNC(=O)C(CC(C)C)NC(=O)C(CCCNC(=N)N)NC(=O)C(C)NC(=O)C(CC(C)C)NC(=O)C(CC(=O)O)NC(=O)C(CCCCN)NC(=O)CNC(=O)C(CC(C)C)NC(=O)CNC(=O)C(CCCCN)NC(=O)C(CO)NC(=O)C(C)NC(=O)C(Cc1ccccc1)NC(=O)C(CCCCN)NC(=O)C(C)NC(=O)C(C(C)C)NC(=O)CNC(=O)C(CCCNC(=N)N)NC(=O)C(Cc1ccccc1)NC(=O)C(C(C)CC)NC(=O)C(CO)NC(=O)C(CO)NC(=O)C(Cc1ccccc1)NC(=O)CN,1,G-F-S-S-I-F-R-G-V-A-K-F-A-S-K-G-L-G-K-D-L-A-R-L-G-V-dN-L-V-A-C-K-I-S-K-dQ-C
C1C2C(=O)NC(C(=O)NC(C(=O)NCC(=O)NC(C(=O)NC(CSS1)C(=O)NC(C(=O)NC(C(=O)NC(C(=O)NC(CSSCC(C(=O)NC(C(=O)NC(C(=O)NC(C(=O)N2)CCCCN)CCCNC(=N)N)Cc1ccc(cc1)O)NC(=O)C(Cc1c[nH]c2ccccc12)NC(=O)C(CCCNC(=N)N)NC(=O)C(CCCNC(=N)N)N)C(=O)NC(CCCNC(=N)N)C(=O)N)CCCCN)CCCNC(=N)N)Cc1ccc(cc1)O)Cc1ccc(cc1)O)CCCCN)Cc1ccc(cc1)O,1,"R-R-W-C(20,3)-Y-R-K-C(19,3)-Y-K-G-Y-C(19,3)-Y-R-K-C(20,3)-R-am"
CC(C)CC(C(=O)NC(CC(C)C)C(=O)NC(CCC(=O)O)C(=O)NC(Cc1ccc(cc1)O)C(=O)NC(CO)C(=O)NC(CC(C)C)C(=O)O)N,1,L-L-E-Y-S-L
CCC(C)C(C(=O)N1CCCC1C(=O)NC(CCSC)C(=O)NC(CO)C(=O)NC(C(C)CC)C(=O)N1CCCC1C(=O)N1CCCC1C(=O)NC(CCC(=O)O)C(=O)NC(C(C)C)C(=O)NC(CCCCN)C(=O)NC(Cc1ccccc1)C(=O)NC(CC(=O)N)C(=O)NC(CCCCN)C(=O)N1CCCC1C(=O)NC(Cc1ccccc1)C(=O)NC(C(C)C)C(=O)NC(Cc1ccccc1)C(=O)O)NC(=O)C(C)NC(=O)C(C)NC(=O)C(CC(C)C)N,1,L-A-A-I-P-M-S-I-P-P-E-V-K-F-dN-K-P-F-V-F
CCC(C)C(C(=O)N1CCCC1C(=O)NC(CCSC)C(=O)NC(CO)C(=O)NC(C(C)CC)C(=O)N1CCCC1C(=O)N1CCCC1C(=O)NC(CCC(=O)O)C(=O)NC(C(C)C)C(=O)NC(Cc1ccccc1)C(=O)NC(Cc1ccccc1)C(=O)NC(CC(=O)N)C(=O)NC(CCCCN)C(=O)N1CCCC1C(=O)NC(Cc1ccccc1)C(=O)NC(C(C)C)C(=O)NC(Cc1ccccc1)C(=O)O)NC(=O)C(C)NC(=O)C(CCC(=O)O)NC(=O)C(CC(C)C)N,1,L-E-A-I-P-M-S-I-P-P-E-V-F-F-dN-K-P-F-V-F
CCC(C)C(C(=O)N1CCCC1C(=O)N1CCCC1C(=O)NC(CCC(=O)O)C(=O)NC(C(C)C)C(=O)NC(CCCCN)C(=O)NC(Cc1ccccc1)C(=O)NC(CC(=O)N)C(=O)NC(CCCCN)C(=O)N1CCCC1C(=O)NC(Cc1ccccc1)C(=O)NC(C(C)C)C(=O)NC(Cc1ccccc1)C(=O)O)NC(=O)C(CO)NC(=O)C(CCSC)NC(=O)C1CCCN1C(=O)C(C)NC(=O)C(C)NC(=O)C(CCC(=O)O)NC(=O)C(CC(C)C)N,1,L-E-A-A-P-M-S-I-P-P-E-V-K-F-dN-K-P-F-V-F
CCC(C)C(C(=O)NC(CS)C(=O)NC(Cc1ccccc1)C(=O)NC(C(C)C)C(=O)NC(CCC(=O)O)C(=O)NC(CC(=O)O)C(=O)NC(CCC(=O)O)C(=O)O)NC(=O)C(Cc1ccc(cc1)O)NC(=O)C(Cc1ccccc1)N,1,F-Y-I-C-F-V-E-D-E
CCC(C)C(C(=O)NC(C(C)CC)C(=O)NC(CC(C)C)C(=O)NC(CO)C(=O)NCC(=O)NC(CCCN=C(N)N)C(=O)O)NC(=O)C(C)NC(=O)C,1,ac-A-I-I-L-S-G-X2075
CCC(C)C(C(=O)NC(CCCCN)C(=O)NC(CC(C)C)C(=O)NC(CC(=O)N)C(=O)NC(CCCCN)C(=O)O)NC(=O)C(CCC(=O)O)NC(=O)C(CC(=O)O)NC(=O)C(CO)NC(=O)C(CC(=O)O)NC(=O)C(C(C)O)NC(=O)C(Cc1ccc(cc1)O)NC(=O)C(C(C)CC)NC(=O)C(CS)NC(=O)C(CCC(=O)O)NC(=O)C(C(C)C)NC(=O)C(CCC(=O)O)NC(=O)C(CC(=O)O)NC(=O)C(CCC(=O)O)NC(=O)C(CCCCN)NC(=O)C(CCC(=O)O)NC(=O)C(CCC(=O)O)NC(=O)C(C(C)C)N,1,V-E-E-K-E-D-E-V-E-C-I-Y-T-D-S-D-E-I-K-L-dN-K
CCC(C)C(C(=O)NC(CCC(=O)N)C(=O)NC(CCNC(=N)N)C(=O)NCC(=O)N1CCCC1C(=O)NCC(=O)NC(CCNC(=N)N)C(=O)NC(C)C(=O)NC(Cc1ccccc1)C(=O)NC(C(C)C)C(=O)NC(C(C)O)C(=O)O)NC(=O)C(CCNC(=N)N)NC(=O)C(C(C)CC)NC(=O)C(CO)NC(=O)C(CCCCN)NC(=O)C(CCNC(=N)N)NC(=O)C(C(C)O)NC(=O)C(CC(=O)N)NC(=O)C(CC(=O)N)NC(=O)C(CC(=O)N)NC(=O)C1CCCN1C(=O)C(CCNC(=N)N)NC(=O)C(C(C)O)N,1,T-X2516-P-dN-dN-dN-T-X2516-K-S-I-X2516-I-dQ-X2516-G-P-G-X2516-A-F-V-T
CCC(C)C(C(=O)NC(C(C)C)C(=O)N)NC(=O)C(C(C)C)NC(=O)C(C(C)C)NC(=O)C(CO)NC(=O)CNC(=O)C(CCCCN)NC(=O)C,1,ac-K-G-S-V-V-I-V-am
CC(C)CC(C(=O)NC(Cc1c[nH]c2ccccc12)C(=O)NC(CC(=O)O)C(=O)O)NC(=O)C(C)NC(=O)C(CCCCN)NC(=O)C(CC(=O)O)NC(=O)C(Cc1ccc(cc1)O)NC(=O)C(Cc1ccccc1)NC(=O)C(CCCCN)NC(=O)C(CCCCN)NC(=O)C(C)NC(=O)C(CC(C)C)NC(=O)C(C(C)C)NC(=O)C(CCC(=O)O)NC(=O)C(CCC(=O)O)NC(=O)C(Cc1ccccc1)NC(=O)C(C)NC(=O)C(CCCCN)N,1,K-A-F-E-E-V-L-A-K-K-F-Y-D-K-A-L-W-D
CCC(C)C(C(=O)NC(CS)C(=O)NC(Cc1ccccc1)C(=O)NC(C(C)C)C(=O)NC(Cc1ccccc1)C(=O)NC(Cc1ccccc1)C(=O)NC(CCC(=O)N)C(=O)NC(CCCCN)C(=O)NC(CCC(=O)O)C(=O)NC(CCC(=O)O)C(=O)NC(CC(=O)O)C(=O)NC(CC(=O)O)C(=O)O)NC(=O)C(Cc1ccc(cc1)O)NC(=O)C(Cc1ccccc1)N,1,F-Y-I-C-F-V-F-F-dQ-K-E-E-D-D
CCC(C)C(C(=O)NC(CS)C(=O)NC(CCC(=O)O)C(=O)NC(C(C)C)C(=O)NC(CCC(=O)O)C(=O)NC(CC(=O)O)C(=O)NC(CCC(=O)N)C(=O)NC(CCCCN)C(=O)NC(CCC(=O)O)C(=O)NC(CCC(=O)O)C(=O)NC(CC(=O)O)C(=O)NC(CC(=O)O)C(=O)O)NC(=O)C(Cc1ccc(cc1)O)NC(=O)C(Cc1ccccc1)N,1,F-Y-I-C-E-V-E-D-dQ-K-E-E-D-D
CCC(C)C(C(=O)NC(CCC(=O)O)C(=O)NC(C)C(=O)NC(CCCNC(=N)N)C(=O)NC(CCCCN)C(=O)NC(Cc1ccc(cc1)O)C(=O)NC(CC(C)C)C(=O)NC(CCC(=O)O)C(=O)NC(CCC(=O)N)C(=O)NC(CC(C)C)C(=O)NC(Cc1cnc[nH]1)C(=O)NC(CCCNC(=N)N)C(=O)NC(CCCCN)C(=O)NC(CC(C)C)C(=O)NC(CCCCN)C(=O)NC(CC(=O)N)C(=O)NC(CCCNC(=N)N)C(=O)NC(CCCCN)C(=O)NC(C(C)C)C(=O)O)NC(=O)C(CC(C)C)NC(=O)CNC(=O)C(CO)NC(=O)C(C(C)C)NC(=O)C(CC(C)C)NC(=O)C(CC(=O)N)N,1,dN-L-V-S-G-L-I-E-A-R-K-Y-L-E-dQ-L-H-R-K-L-K-dN-R-K-V
CCC(C)C(C(=O)NC(CCC(=O)N)C(=O)NC(CCN=C(N)N)C(=O)NCC(=O)N1CCCC1C(=O)NCC(=O)NC(CCN=C(N)N)C(=O)NC(CCCCN)C(=O)O)NC(=O)C(CCN=C(N)N)NC(=O)C(C(C)CC)NC(=O)C(CO)NC(=O)C(CCCCN)NC(=O)C(CCN=C(N)N)N,1,X-K-S-I-X-I-dQ-X-G-P-G-X-K
CCC(C)C(C(=O)N1CCCC1C(=O)NC(C)C(=O)NC(CO)C(=O)NC(C(C)CC)C(=O)N1CCCC1C(=O)N1CCCC1C(=O)NC(CCC(=O)O)C(=O)NC(C(C)C)C(=O)NC(CCCCN)C(=O)NC(Cc1ccccc1)C(=O)NC(CC(=O)N)C(=O)NC(CCCCN)C(=O)N1CCCC1C(=O)NC(Cc1ccccc1)C(=O)NC(C(C)C)C(=O)NC(Cc1ccccc1)C(=O)O)NC(=O)C(C)NC(=O)C(CCC(=O)O)NC(=O)C(CC(C)C)N,1,L-E-A-I-P-A-S-I-P-P-E-V-K-F-dN-K-P-F-V-F
CC(C)CC(C(=O)NC(C(C)O)C(=O)NC(C)C(=O)NC(CCC(=O)O)C(=O)NC(C)C(=O)NC(CCC(=O)O)C(=O)NC(CS)C(=O)O)NC(=O)C1CCCN1C(=O)C(C)NC(=O)C(Cc1c[nH]c2ccccc12)NC(=O)C(CCC(=O)O)NC(=O)C(C(C)O)NC(=O)C(C)NC(=O)C(Cc1c[nH]c2ccccc12)NC(=O)C(CCCCN)NC(=O)C(C(C)O)NC(=O)CN,1,G-T-K-W-A-T-E-W-A-P-L-T-A-E-A-E-C
CC(C)CC(C(=O)O)NC(=O)C(Cc1ccc(cc1)O)NC(=O)C(CCCN=C(N)N)NC(=O)C(Cc1ccc(cc1)O)NC(=O)C(CCCCN)NC(=O)C(Cc1ccc(cc1)O)N,1,Y-K-Y-X2075-Y-L
CCC(C)C(C(=O)N1CCCC1C(=O)NC(CCSC)C(=O)NC(CO)C(=O)NC(C(C)CC)C(=O)N1CCCC1C(=O)N1CCCC1C(=O)NC(CCC(=O)O)C(=O)NC(C(C)C)C(=O)NC(CCCCN)C(=O)NC(Cc1ccccc1)C(=O)NC(CC(=O)N)C(=O)NC(CCCCN)C(=O)N1CCCC1C(=O)NC(Cc1ccccc1)C(=O)NC(C(C)C)C(=O)NC(Cc1ccccc1)C(=O)O)NC(=O)C(C)NC(=O)C(CCC(=O)O)N,1,E-A-I-P-M-S-I-P-P-E-V-K-F-dN-K-P-F-V-F
CCC(C)C(C(=O)NC(Cc1cnc[nH]1)C(=O)NC(Cc1cnc[nH]1)C(=O)NC(C(C)CC)C(=O)NC(CC(=O)N)C(=O)NC(CCCCN)C(=O)NC(Cc1ccccc1)C(=O)NC(C)C(=O)NC(CCC(=O)N)C(=O)NC(C)C(=O)NC(Cc1ccc(cc1)O)C(=O)NC(CO)C(=O)NC(CO)C(=O)NC(Cc1ccc(cc1)O)C(=O)NC(CO)C(=O)NC(CCCNC(=N)N)C(=O)NC(C(C)C)C(=O)NC(C(C)CC)C(=O)NCC(=O)NCC(=O)NC(C(C)O)C(=O)NC(C(C)C)C(=O)NC(Cc1ccccc1)C(=O)NC(C(C)C)C(=O)NC(C)C(=O)O)NC(=O)C(CCC(=O)O)NC(=O)C(Cc1c[nH]c2ccccc12)N,1,W-E-I-H-H-I-dN-K-F-A-dQ-A-Y-S-S-Y-S-R-V-I-G-G-T-V-F-V-A
CCC(C)C(C(=O)N1CCCC1C(=O)NC(CCC(=O)N)C(=O)N1CCCC1C(=O)NC(CCCNC(=N)N)C(=O)N1CCCC1C(=O)N1CCCC1C(=O)NC(Cc1cnc[nH]1)C(=O)N1CCCC1C(=O)NC(CCCNC(=N)N)C(=O)NC(C(C)CC)C(=O)O)NC(=O)C(Cc1ccc(cc1)O)NC(=O)C(C(C)C)NC(=O)C1CCCN1C(=O)C(CCCNC(=N)N)NC(=O)C(CC(=O)N)NC(=O)C(CC(=O)N)NC(=O)CN,1,G-dN-dN-R-P-V-Y-I-P-dQ-P-R-P-P-H-P-R-I
CC(C(=O)NC(CC(=O)O)C(=O)NC(Cc1ccc(cc1)OS(=O)(=O)O)C(=O)NC(CC(=O)O)C(=O)NCC(=O)NCC(=O)NC(Cc1ccc(cc1)OS(=O)(=O)O)C(=O)NC(Cc1ccc(cc1)OS(=O)(=O)O)C(=O)NC(Cc1ccc(cc1)OS(=O)(=O)O)C(=O)NC(CC(=O)O)C(=O)NC(CCSC)C(=O)NC(CC(=O)O)C(=O)O)NC(=O)C(Cc1ccc(cc1)OS(=O)(=O)O)NC(=O)C(CC(=O)O)NC(=O)CN,1,G-D-X96-A-D-X96-D-G-G-X96-X96-X96-D-M-D
CCC(C)C(C(=O)NC(Cc1cnc[nH]1)C(=O)NC(C(C)CC)C(=O)NCC(=O)N1CCCC1C(=O)NCC(=O)NC(CCNC(=N)N)C(=O)NC(C)C(=O)NC(Cc1ccccc1)C(=O)NC(Cc1ccc(cc1)O)C(=O)NC(C(C)O)C(=O)NC(C(C)O)C(=O)NC(CCCCN)C(=O)NC(CC(=O)N)C(=O)NC(C(C)CC)C(=O)NC(C(C)CC)C(=O)NCC(=O)NC(C(C)O)C(=O)NC(C(C)CC)C(=O)NC(CCNC(=N)N)C(=O)NC(CCNC(=N)N)C(=O)NC(CCC(=O)N)C(=O)NC(C)C(=O)NC(Cc1cnc[nH]1)C(=O)NC(CS)C(=O)O)NC(=O)C(CCNC(=N)N)NC(=O)C(CCCCN)NC(=O)C(CCNC(=N)N)NC(=O)C(CCCCN)NC(=O)C(CC(=O)N)NC(=O)C(Cc1ccc(cc1)O)NC(=O)C(C(C)O)NC(=O)C(CC(=O)N)NC(=O)C(CC(=O)N)N,1,dN-dN-T-Y-dN-K-X2516-K-X2516-I-H-I-G-P-G-X2516-A-F-Y-T-T-K-dN-I-I-G-T-I-X2516-X2516-dQ-A-H-C
CCC(C)C(C(=O)NC(C(C)O)C(=O)NC(CS)C(=O)NC(C(C)C)C(=O)NC(CCCNC(=N)N)C(=O)NC(CCCNC(=N)N)C(=O)NC(C)C(=O)NC(Cc1ccccc1)C(=O)O)NC(=O)C(CO)NC(=O)C1CCCN1C(=O)C(C)NC(=O)CNC(=O)C(CC(C)C)NC(=O)C(CCCCN)NC(=O)C(CCCCN)NC(=O)C(CCSC)NC(=O)C(CCCNC(=N)N)NC(=O)C(Cc1c[nH]c2ccccc12)NC(=O)C(CCC(=O)N)NC(=O)C(Cc1c[nH]c2ccccc12)NC(=O)C(CCCNC(=N)N)NC(=O)C(CCCNC(=N)N)NC(=O)C(CS)NC(=O)C(CCCCN)NC(=O)C(Cc1ccccc1)N,1,F-K-C-R-R-W-dQ-W-R-M-K-K-L-G-A-P-S-I-T-C-V-R-R-A-F
CCC(C)C(C(=O)NC(C(C)C)C(=O)NC(C(C)CC)C(=O)NC(Cc1ccc(cc1)O)C(=O)NC(CCC(=O)N)C(=O)NC(Cc1ccc(cc1)O)C(=O)NC(CCSC)C(=O)NC(CC(=O)O)C(=O)NC(CC(=O)O)C(=O)NC(CC(C)C)C(=O)NC(Cc1ccc(cc1)O)C(=O)NC(C(C)C)C(=O)NCC(=O)NC(CO)C(=O)NC(CC(=O)O)C(=O)NC(CC(C)C)C(=O)NC(CCC(=O)O)C(=O)NC(C(C)CC)C(=O)O)NC(=O)C(CC(=O)O)NC(=O)C1CCCN1,1,P-D-I-V-I-Y-dQ-Y-M-D-D-L-Y-V-G-S-D-L-E-I
CCC(C)C(C(=O)NC(C)C(=O)NC(CCSC)C(=O)NC(CO)C(=O)NC(C(C)CC)C(=O)N1CCCC1C(=O)N1CCCC1C(=O)NC(CCC(=O)O)C(=O)NC(C(C)C)C(=O)NC(CCCCN)C(=O)NC(Cc1ccccc1)C(=O)NC(CC(=O)N)C(=O)NC(CCCCN)C(=O)N1CCCC1C(=O)NC(Cc1ccccc1)C(=O)NC(C(C)C)C(=O)NC(Cc1ccccc1)C(=O)O)NC(=O)C(C)NC(=O)C(CCC(=O)O)NC(=O)C(CC(C)C)N,1,L-E-A-I-A-M-S-I-P-P-E-V-K-F-dN-K-P-F-V-F
CCC(C)C(C(=O)NC(CCSC)C(=O)NC(CCCNC(=N)N)C(=O)NC(CCC(=O)N)C(=O)NC(C(C)C)C(=O)NC(CCCNC(=N)N)C(=O)NC(CCSC)C(=O)NC(C(C)C)C(=O)NC(CCSC)C(=O)NC(CO)C(=O)NC(CCCNC(=N)N)C(=O)NC(CC(C)C)C(=O)NC(CCCNC(=N)N)C(=O)NC(C)C(=O)O)NC(=O)C(Cc1c[nH]c2ccccc12)NC(=O)C(CCC(=O)O)NC(=O)C(Cc1c[nH]c2ccccc12)NC(=O)C(CC(C)C)N,1,L-W-E-W-I-M-R-dQ-V-R-M-V-M-S-R-L-R-A
CCC(C)C(C(=O)NC(CC(C)C)C(=O)NC(C)C(=O)NC(Cc1ccccc1)C(=O)NC(CC(C)C)C(=O)NCC(=O)NC(Cc1c[nH]c2ccccc12)C(=O)O)NC(=O)C(Cc1ccccc1)NC(=O)CNC(=O)C(CC(C)C)NC(=O)C(CC(C)C)NC(=O)C(CCC(=O)N)NC(=O)C(CC(C)C)NC(=O)CNC(=O)C(C)NC(=O)C(CC(=O)N)NC(=O)C(C)NC(=O)C(CCSC)N,1,M-A-dN-A-G-L-dQ-L-L-G-F-I-L-A-F-L-G-W
C1CC2C(=O)NC(C(=O)NC(C(=O)NC(C(=O)NC(CSSCC(C(=O)NC(C(=O)NC(C(=O)NC(C(=O)NC(C(=O)N2C1)CCCCN)CCCCN)CCCNC(=N)N)Cc1ccc(cc1)O)NC(=O)C(Cc1cc2ccccc2cc1)NC(=O)C(CCCNC(=N)N)NC(=O)C(CCCNC(=N)N)N)C(=O)NC(CCCNC(=N)N)C(=O)O)CCCNC(=O)N)CCCNC(=N)N)Cc1ccc(cc1)O,1,"R-R-dNal-C(14,3)-Y-R-K-K-P-Y-R-dCit-C(14,3)-R"
CCC(C)C(C(=O)NC(CCC(=O)N)C(=O)NC(CCN=C(N)N)C(=O)NCC(=O)N1CCCC1C(=O)O)NC(=O)C(CCN=C(N)N)NC(=O)C(C(C)CC)NC(=O)C(CO)NC(=O)C(CCCCN)NC(=O)C(CCN=C(N)N)NC(=O)C(C(C)O)N,1,T-X-K-S-I-X-I-dQ-X-G-P
CCC(C)C(C(=O)NC(Cc1ccccc1)C(=O)NC(Cc1ccccc1)C(=O)NC(C(C)C)C(=O)NC(CCC(=O)O)C(=O)NC(Cc1ccccc1)C(=O)NC(CCC(=O)N)C(=O)NC(CCCCN)C(=O)NC(CCC(=O)O)C(=O)NC(CCC(=O)O)C(=O)NC(CC(=O)O)C(=O)NC(CC(=O)O)C(=O)O)NC(=O)C(Cc1ccc(cc1)O)NC(=O)C(Cc1ccccc1)N,1,F-Y-I-F-F-V-E-F-dQ-K-E-E-D-D
CC(C)C(C(=O)NC(CCSC)C(=O)NC(C)C(=O)NC(CCCCN)C(=O)NC(CS)C(=O)N1CCCC1C(=O)NC(CCC(=O)O)C(=O)NC(CCCN=C(N)N)C(=O)NC(CCC(=O)N)C(=O)NC(C)C(=O)NCC(=O)O)NC(=O)C(Cc1cnc[nH]1)NC(=O)CNC(=O)C(C(C)O)NC(=O)C(CCCCN)N,1,K-T-G-H-V-M-A-K-C-P-E-X2075-dQ-A-G
CCC(C)C1C(=O)NC(C(=O)NCC(=O)NC(C(=O)NC(C(=O)NC(C(=O)NC(C(=O)NCC(=O)NC(C(=O)NC2CSSCC3C(=O)NC(C(=O)NC(C(=O)N4CCCC4C(=O)NC(C(=O)NC(CSSCC(C(=O)NC(CSSCC(C(=O)NC(C(=O)N3)Cc3ccc(cc3)O)NC(=O)C(CC(=O)O)NC(=O)C(CC(=O)O)N)C(=O)NC(CC(=O)O)C(=O)NC(CC(=O)O)C(=O)O)NC(=O)C(NC(=O)C(NC(=O)C(NC(=O)C(NC(=O)C(NC(=O)CNC(=O)C(NC(=O)C(NC(=O)C(NC2=O)C(C)CC)Cc2ccc(cc2)O)CCC(=O)N)CCCNC(=N)N)CC(C)C)Cc2c[nH]c3ccccc23)C)Cc2ccccc2)C(=O)N1)C)C(C)CC)CCCNC(=N)N)C(C)O)Cc1ccc(cc1)O)CCCNC(=N)N)CCCNC(=N)N)CCC(=O)O)C,1,"D-D-C(35,3)-Y-C(33,3)-R-I-P-A-C(34,3)-I-A-G-E-R-R-Y-G-T-C(33,3)-I-Y-dQ-G-R-L-W-A-F-C(34,3)-C(35,3)-D-D"
CCC(C)C(C(=O)NC(C(C)CC)C(=O)NC(CC(C)C)C(=O)NC(CO)C(=O)NCC(=O)NC(CCCN=C(N)N)C(=O)NC(CCCCN)C(=O)O)NC(=O)C(CCCN=C(N)N)NC(=O)C,1,ac-X2075-I-I-L-S-G-X2075-K
CCC(C)C(C(=O)NC(Cc1ccccc1)C(=O)NC(Cc1ccccc1)C(=O)NC(C(C)C)C(=O)NC(Cc1ccccc1)C(=O)NC(CC(=O)O)C(=O)NC(CCC(=O)N)C(=O)NC(CCCCN)C(=O)NC(CCC(=O)O)C(=O)NC(CCC(=O)O)C(=O)NC(CC(=O)O)C(=O)NC(CC(=O)O)C(=O)O)NC(=O)C(Cc1ccc(cc1)O)NC(=O)C(Cc1ccccc1)N,1,F-Y-I-F-F-V-F-D-dQ-K-E-E-D-D
CCC(C)C(C(=O)NC(CS)C(=O)NC(Cc1ccccc1)C(=O)NC(C(C)C)C(=O)NC(CCC(=O)O)C(=O)NC(CC(=O)O)C(=O)NC(CCC(=O)O)C(=O)O)N,1,I-C-F-V-E-D-E
CCC(C)C(C(=O)NC(Cc1ccccc1)C(=O)NC(Cc1ccccc1)C(=O)NC(C(C)C)C(=O)NC(CCC(=O)O)C(=O)NC(CC(=O)O)C(=O)NC(CCC(=O)N)C(=O)NC(CCCCN)C(=O)NC(CCC(=O)O)C(=O)NC(CCC(=O)O)C(=O)NC(CC(=O)O)C(=O)NC(CC(=O)O)C(=O)O)NC(=O)C(Cc1ccc(cc1)O)NC(=O)C(C(C)O)N,1,T-Y-I-F-F-V-E-D-dQ-K-E-E-D-D
CCC(C)C(C(=O)NCC(=O)N1CCCC1C(=O)NCC(=O)NC(CCC(=O)N)C(=O)NC(C)C(=O)NC(Cc1ccccc1)C(=O)NC(Cc1ccc(cc1)O)C(=O)NC(C(C)O)C(=O)NC(C(C)O)C(=O)NCC(=O)NC(CCCCN)C(=O)NC(C(C)CC)C(=O)NC(C(C)CC)C(=O)NCC(=O)NC(CC(=O)O)C(=O)NC(C(C)CC)C(=O)NC(CCNC(=N)N)C(=O)NC(CCC(=O)N)C(=O)NC(C)C(=O)NC(Cc1cnc[nH]1)C(=O)NC(CS)C(=O)O)NC(=O)C(CCNC(=N)N)NC(=O)C(C(C)O)NC(=O)C(CCNC(=N)N)NC(=O)C(CCC(=O)N)NC(=O)C(CCNC(=N)N)NC(=O)C(C(C)O)NC(=O)C(CC(=O)N)NC(=O)C(CC(=O)N)NC(=O)C(Cc1ccc(cc1)O)N,1,Y-dN-dN-T-X2516-dQ-X2516-T-X2516-I-G-P-G-dQ-A-F-Y-T-T-G-K-I-I-G-D-I-X2516-dQ-A-H-C
CCC(C)C(C(=O)NC(CS)C(=O)NC(CCC(=O)O)C(=O)NC(C(C)C)C(=O)NC(Cc1ccccc1)C(=O)NC(CC(=O)O)C(=O)NC(CCC(=O)N)C(=O)NC(CCCCN)C(=O)NC(CCC(=O)O)C(=O)NC(CCC(=O)O)C(=O)NC(CC(=O)O)C(=O)NC(CC(=O)O)C(=O)O)NC(=O)C(Cc1ccc(cc1)O)NC(=O)C(C(C)O)N,1,T-Y-I-C-E-V-F-D-dQ-K-E-E-D-D
CCC(C)C(C(=O)N1CCCC1C(=O)N1CCCC1C(=O)NC(CCC(=O)O)C(=O)NC(C(C)C)C(=O)N1Cc2ccccc2CC1C(=O)NC(Cc1ccccc1)C(=O)NC(CC(=O)N)C(=O)NC(CCCCN)C(=O)N1CCCC1C(=O)NC(Cc1ccccc1)C(=O)NC(C(C)C)C(=O)NC(Cc1ccccc1)C(=O)O)NC(=O)CNC(=O)C(CCSC)NC(=O)C1CCCN1C(=O)C(C(C)CC)NC(=O)C(C)NC(=O)C(CCC(=O)O)NC(=O)C(CC(C)C)N,1,L-E-A-I-P-M-G-I-P-P-E-V-Tic-F-dN-K-P-F-V-F
CCC1C(=O)N(C(C(=O)N(C(C(=O)NC(C(=O)N(C(C(=O)NC(C(=O)NC(C(=O)N(C(C(=O)N(C(C(=O)N(C(C(=O)N(C(C(=O)N1)C(C(C)CC=CC)O)C)C(C)C)C)CC(C)C)C)CC(C)C)C)C)C)CC(C)C)C)C(C)C)C(C)C)CC)C)C,1,"Abu(11,1)-Me_dA-X1891-V-meL-A-A-meL-meL-Me_dV-X1669(11,2)"
CC(C)CC(C(=O)NCC(=O)NC(CCCNC(=N)N)C(=O)NC(Cc1ccc(cc1)O)C(=O)NC(CC(C)C)C(=O)NC(CC(C)C)C(=O)NC(CCCNC(=N)N)C(=O)NC(CCCNC(=N)N)C(=O)NC(CC(C)C)C(=O)NC(CCCCN)C(=O)NC(C(C)O)C(=O)N1CCCC1C(=O)NC(Cc1ccccc1)C(=O)NC(C(C)O)C(=O)O)NC(=O)C(CCCNC(=N)N)NC(=O)C(C(C)C)NC(=O)C(Cc1c[nH]c2ccccc12)NC(=O)C(CS)N,1,C-W-V-R-L-G-R-Y-L-L-R-R-L-K-T-P-F-T
CCC(C)C1C(=O)NC(C(=O)NCC(=O)NC(C(=O)NC(C(=O)NC(C(=O)NC(C(=O)NCC(=O)NC(C(=O)NC2CSSCC3C(=O)NC(C(=O)NC(C(=O)N4CCCC4C(=O)NC(C(=O)NC(CSSCC(C(=O)NC(CSSCC(C(=O)NC(C(=O)N3)Cc3ccc(cc3)O)NC(=O)C(CCCNC(=N)N)NC(=O)C(CCCNC(=N)N)N)C(=O)NC(CCCNC(=N)N)C(=O)NC(CCCNC(=N)N)C(=O)O)NC(=O)C(NC(=O)C(NC(=O)C(NC(=O)C(NC(=O)C(NC(=O)CNC(=O)C(NC(=O)C(NC(=O)C(NC2=O)C(C)CC)Cc2ccc(cc2)O)CCC(=O)N)CCCNC(=N)N)CC(C)C)Cc2c[nH]c3ccccc23)C)Cc2ccccc2)C(=O)N1)C)C(C)CC)CCCNC(=N)N)C(C)O)Cc1ccc(cc1)O)CCCNC(=N)N)CCCNC(=N)N)CCC(=O)O)C,1,"R-R-C(35,3)-Y-C(33,3)-R-I-P-A-C(34,3)-I-A-G-E-R-R-Y-G-T-C(33,3)-I-Y-dQ-G-R-L-W-A-F-C(34,3)-C(35,3)-R-R"
CCC(C)C(C(=O)NC(CS)C(=O)NC(Cc1ccccc1)C(=O)NC(C(C)C)C(=O)NC(CCC(=O)O)C(=O)NC(Cc1ccccc1)C(=O)NC(CCC(=O)N)C(=O)NC(CCCCN)C(=O)NC(CCC(=O)O)C(=O)NC(CCC(=O)O)C(=O)NC(CC(=O)O)C(=O)NC(CC(=O)O)C(=O)O)NC(=O)C(Cc1ccc(cc1)O)NC(=O)C(Cc1ccccc1)N,1,F-Y-I-C-F-V-E-F-dQ-K-E-E-D-D
CCC(C)C(C(=O)NC(C)C(=O)N1CCCC1C(=O)NC(CCC(=O)O)C(=O)NC(C(C)C)C(=O)NC(CCCCN)C(=O)NC(Cc1ccccc1)C(=O)NC(CC(=O)N)C(=O)NC(CCCCN)C(=O)N1CCCC1C(=O)NC(Cc1ccccc1)C(=O)NC(C(C)C)C(=O)NC(Cc1ccccc1)C(=O)O)NC(=O)C(CO)NC(=O)C(CCSC)NC(=O)C1CCCN1C(=O)C(C(C)CC)NC(=O)C(C)NC(=O)C(CCC(=O)O)NC(=O)C(CC(C)C)N,1,L-E-A-I-P-M-S-I-A-P-E-V-K-F-dN-K-P-F-V-F
CCC(C)C(C(=O)N1CCCC1C(=O)NC(CCSC)C(=O)NC(CO)C(=O)NC(C(C)CC)C(=O)N1CCCC1C(=O)N1CCCC1C(=O)NC(CCC(=O)O)C(=O)NC(C(C)C)C(=O)NC(CCCCN)C(=O)NC(Cc1ccccc1)C(=O)NC(CC(=O)N)C(=O)NC(CCCCN)C(=O)N1CCCC1C(=O)NC(C)C(=O)NC(C(C)C)C(=O)NC(Cc1ccccc1)C(=O)O)NC(=O)C(C)NC(=O)C(CCC(=O)O)NC(=O)C(CC(C)C)N,1,L-E-A-I-P-M-S-I-P-P-E-V-K-F-dN-K-P-A-V-F
CC(C(C(=O)NC(CCCCN)C(=O)NC(CC(=O)N)C(=O)NC(CC(=O)N)C(=O)NC(Cc1ccc(cc1)O)C(=O)O)NC(=O)C(CCCNC(=N)N)NC(=O)C(C)NC(=O)C(CCCNC(=N)N)NC(=O)C(CO)NC(=O)C(Cc1ccc(cc1)O)NC(=O)C(C)NC(=O)C(Cc1cnc[nH]1)NC(=O)C(CCC(=O)O)NC(=O)C(CCCNC(=N)N)NC(=O)C(CS)N)O,1,C-R-E-H-A-Y-S-R-A-R-T-K-dN-dN-Y
CCC(C)C(C(=O)NC(CS)C(=O)NC(Cc1ccccc1)C(=O)NC(C(C)C)C(=O)NC(CCC(=O)O)C(=O)NC(CC(=O)O)C(=O)NC(CCC(=O)N)C(=O)NC(CCCCN)C(=O)NC(CCC(=O)O)C(=O)NC(CCC(=O)O)C(=O)NC(CC(=O)O)C(=O)NC(CC(=O)O)C(=O)O)NC(=O)C(Cc1ccc(cc1)O)NC(=O)C(C(C)O)N,1,T-Y-I-C-F-V-E-D-dQ-K-E-E-D-D
CCC(C)C(C(=O)NC(CCCNC(=N)N)C(=O)NC(C)C(=O)NC(Cc1c[nH]c2ccccc12)C(=O)NC(C(C)C)C(=O)NC(C)C(=O)NC(Cc1c[nH]c2ccccc12)C(=O)NC(CCCNC(=N)N)C(=O)NC(CC(=O)N)C(=O)NC(CCCNC(=N)N)C(=O)O)NC(=O)CNC(=O)C(CCC(=O)N)NC(=O)C1CCCN1C(=O)C(CC(=O)O)NC(=O)C(CCCNC(=N)N)NC(=O)C(C(C)C)NC(=O)C(C(C)C)NC(=O)C(CCCNC(=N)N)N,1,R-V-V-R-D-P-dQ-G-I-R-A-W-V-A-W-R-dN-R
C1CC(N(C1)C(=O)C(CCCNC(=N)N)NC(=O)C(CCC(=O)O)NC(=O)C(CCCNC(=N)N)NC(=O)C(CCC(=O)N)NC(=O)C(CCC(=O)O)NC(=O)C(CCCNC(=N)N)NC(=O)C(CCC(=O)N)NC(=O)C(CCC(=O)O)NC(=O)C(CCCNC(=N)N)NC(=O)CNC(=O)C(CCC(=O)N)NC(=O)C(CCC(=O)N)N)C(=O)NC(Cc1ccc(cc1)O)C(=O)NC(CCCCN)C(=O)O,1,dQ-dQ-G-R-E-dQ-R-E-dQ-R-E-R-P-Y-K
CC(C)CC(C(=O)NC(C(C)C)C(=O)NC(CC(C)C)C(=O)N1CCCC1C(=O)NC(Cc1ccccc1)C(=O)NC(CC(C)C)C(=O)NC(Cc1ccccc1)C(=O)NC(C(C)C)C(=O)NC(Cc1ccccc1)C(=O)O)NC(=O)C(CCCCN)NC(=O)C(CCCCN)NC(=O)C(CCCCN)NC(=O)C(CCCCN)N,1,K-K-K-K-L-V-L-P-F-L-F-V-F
CC(C)CC(C(=O)NC(CO)C(=O)NC(Cc1cnc[nH]1)C(=O)NC(CCCCN)C(=O)NCC(=O)N1CCCC1C(=O)NC(CCSC)C(=O)N1CCCC1C(=O)NC(Cc1ccccc1)C(=O)O)NC(=O)C(CCCN=C(N)N)NC(=O)C1CCCN1C(=O)C(CCCN=C(N)N)NC(=O)C1CCC(=O)N1,1,"F(8,1).P(7,1)(8,2).M(6,1)(7,2).P(5,1)(6,2).G(4,1)(5,2).K(3,1)(4,2).H(2,1)(3,2).S(1,1)(2,2).L(1,2)(9,1).X2075(9,2)(10,1).P(10,2)(11,1).X2075(11,2)(12,1).E(12,2)(13,1)(13,2)"
CCC(C)C(C(=O)NC(Cc1ccccc1)C(=O)NC(CCC(=O)O)C(=O)NC(C(C)C)C(=O)NC(Cc1ccccc1)C(=O)NC(CC(=O)O)C(=O)NC(CCC(=O)N)C(=O)NC(CCCCN)C(=O)NC(CCC(=O)O)C(=O)NC(CCC(=O)O)C(=O)NC(CC(=O)O)C(=O)NC(CC(=O)O)C(=O)O)NC(=O)C(Cc1ccc(cc1)O)NC(=O)C(C(C)O)N,1,T-Y-I-F-E-V-F-D-dQ-K-E-E-D-D
CCC(C)C(C(=O)NCC(=O)NC(C)C(=O)NC(C(C)C)C(=O)NC(CC(C)C)C(=O)NC(CCCCN)C(=O)NC(C(C)C)C(=O)NC(CC(C)C)C(=O)NC(C(C)O)C(=O)NC(C(C)O)C(=O)NCC(=O)NC(CC(C)C)C(=O)N1CCCC1C(=O)NC(C)C(=O)NC(CC(C)C)C(=O)NC(C(C)CC)C(=O)NC(CO)C(=O)NC(Cc1c[nH]c2ccccc12)C(=O)NC(C(C)CC)C(=O)NC(CCCCN)C(=O)NC(CCCNC(=N)N)C(=O)NC(CCCCN)C(=O)NC(CCCNC(=N)N)C(=O)NC(CCC(=O)N)C(=O)NC(CCC(=O)N)C(=O)N)NC(=O)CN,1,G-I-G-A-V-L-K-V-L-T-T-G-L-P-A-L-I-S-W-I-K-R-K-R-dQ-dQ-am
CC(C(=O)NC(Cc1ccccc1)C(=O)O)NC(=O)C(CCCN=C(N)N)NC(=O)CNC(=O)C1CCCN1C(=O)CN,1,G-P-G-X2075-A-F
CC(C)C(C(=O)NC(C(C)O)C(=O)O)NC(=O)C(CCC(=O)N)NC(=O)C(CO)NC(=O)C(CCSC)NC(=O)C(C)NC(=O)C(CCC(=O)O)NC(=O)C(C)N,1,A-E-A-M-S-dQ-V-T
CCC(C)C(C(=O)NC(C(C)C)C(=O)NC(CCC(=O)O)C(=O)N1CCCC1C(=O)NC(Cc1ccccc1)C(=O)NC(CCSC)C(=O)NC(CO)C(=O)NC(CCCCN)C(=O)N1CCCC1C(=O)NC(Cc1ccccc1)C(=O)NC(C)C(=O)NC(CC(C)C)C(=O)NC(Cc1ccccc1)C(=O)O)NC(=O)C1CCCN1C(=O)C(CCC(=O)O)NC(=O)C1CCCN1C(=O)C(CC(=O)N)NC(=O)C(C(C)CC)NC(=O)C(C(C)C)NC(=O)C(CCCCN)N,1,K-V-I-dN-P-E-P-I-V-E-P-F-M-S-K-P-F-A-L-F
CC(C)C(C(=O)NC(C(C)C)C(=O)NC(CO)C(=O)NC(CS)C(=O)NC(CO)C(=O)NC(CCSC)C(=O)NC(CO)C(=O)NC(Cc1ccc(cc1)O)C(=O)NC(C(C)O)C(=O)NC(CCCCN)C(=O)NC(C)C(=O)O)NC(=O)C(CS)NC(=O)C(CCC(=O)O)NC(=O)C(C)N,1,A-E-C-V-V-S-C-S-M-S-Y-T-K-A
CCC(C)C(C(=O)NC(CCCNC(=N)N)C(=O)NC(CS)C(=O)NC(Cc1c[nH]c2ccccc12)C(=O)NC(CC(=O)N)C(=O)NC(CS)C(=O)NCC(=O)NC(CCCCN)C(=O)NC(CCC(=O)O)C(=O)NCC(=O)NC(Cc1cnc[nH]1)C(=O)NC(CO)C(=O)NC(C)C(=O)NC(CCCNC(=N)N)C(=O)NC(CCC(=O)N)C(=O)NC(CS)C(=O)NC(CCCNC(=N)N)C(=O)NC(C)C(=O)N1CCCC1C(=O)O)NC(=O)C(C(C)C)N,1,V-I-R-C-W-dN-C-G-K-E-G-H-S-A-R-dQ-C-R-A-P
CCC(C)C1C(=O)NC(C(=O)NCC(=O)NC(C(=O)NC(C(=O)NC(C(=O)NC(C(=O)NCC(=O)NC(C(=O)NC2CSSCC3C(=O)NC(C(=O)NC(C(=O)N4CCCC4C(=O)NC(C(=O)NC(CSSCC(C(=O)NC(CSSCC(C(=O)NC(C(=O)N3)Cc3ccc(cc3)O)NC(=O)C(C(C)O)NC(=O)C(C(C)O)N)C(=O)NC(C(C)O)C(=O)NC(C(C)O)C(=O)O)NC(=O)C(NC(=O)C(NC(=O)C(NC(=O)C(NC(=O)C(NC(=O)CNC(=O)C(NC(=O)C(NC(=O)C(NC2=O)C(C)CC)Cc2ccc(cc2)O)CCC(=O)N)CCCNC(=N)N)CC(C)C)Cc2c[nH]c3ccccc23)C)Cc2ccccc2)C(=O)N1)C)C(C)CC)CCCNC(=N)N)C(C)O)Cc1ccc(cc1)O)CCCNC(=N)N)CCCNC(=N)N)CCC(=O)O)C,1,"T-T-C(35,3)-Y-C(33,3)-R-I-P-A-C(34,3)-I-A-G-E-R-R-Y-G-T-C(33,3)-I-Y-dQ-G-R-L-W-A-F-C(34,3)-C(35,3)-T-T"
CC(C)CC(C(=O)NC(C(C)O)C(=O)NC(CC(C)C)C(=O)NCC(=O)NC(CC(=O)N)C(=O)NC(C(C)O)C(=O)NC(C(C)O)C(=O)N)NC(=O)C(CCCN=C(N)N)NC(=O)C(CCCCN)NC(=O)C(CCSC)NC(=O)C1CCCN1,1,P-M-K-X2075-L-T-L-G-dN-T-T-am
CCC(C)C(C(=O)NC(Cc1ccccc1)C(=O)NC(CCC(=O)O)C(=O)NC(C(C)C)C(=O)NC(CCC(=O)O)C(=O)NC(CC(=O)O)C(=O)NC(CCC(=O)N)C(=O)NC(CCCCN)C(=O)NC(CCC(=O)O)C(=O)NC(CCC(=O)O)C(=O)NC(CC(=O)O)C(=O)NC(CC(=O)O)C(=O)O)NC(=O)C(Cc1ccc(cc1)O)NC(=O)C(C(C)O)N,1,T-Y-I-F-E-V-E-D-dQ-K-E-E-D-D
CCC(C)C(C(=O)NC(CCCCN)C(=O)NC(CCC(=O)N)C(=O)NC(CC(C)C)C(=O)NC(CCC(=O)N)C(=O)NC(C)C(=O)NC(CCCNC(=N)N)C(=O)NC(C(C)CC)C(=O)NC(CC(C)C)C(=O)O)NC(=O)CNC(=O)C(Cc1c[nH]c2ccccc12)NC(=O)C(C(C)C)NC(=O)C(C(C)O)NC(=O)C(CC(C)C)NC(=O)C(CCC(=O)N)NC(=O)C(CC(C)C)NC(=O)C(CC(C)C)NC(=O)C(Cc1cnc[nH]1)NC(=O)C(CCC(=O)N)NC(=O)C(CCC(=O)N)NC(=O)C(C)NC(=O)C(CCC(=O)O)NC(=O)C(C(C)CC)NC(=O)C(C)NC(=O)C(CCCNC(=N)N)NC(=O)C(CC(C)C)NC(=O)C(CC(C)C)NC(=O)C(CC(=O)N)NC(=O)C(CC(=O)N)NC(=O)C(CCC(=O)N)NC(=O)C(CCC(=O)N)NC(=O)C(CCC(=O)N)NC(=O)C(C(C)C)NC(=O)C(C(C)CC)NC(=O)CNC(=O)C(CO)N,1,S-G-I-V-dQ-dQ-dQ-dN-dN-L-L-R-A-I-E-A-dQ-dQ-H-L-L-dQ-L-T-V-W-G-I-K-dQ-L-dQ-A-R-I-L
CCC(C)C(C(=O)NC(CCC(=O)N)C(=O)NC(CC(=O)N)C(=O)NCC(=O)NC(CC(=O)O)C(=O)NC(Cc1c[nH]c2ccccc12)C(=O)NC(C(C)O)C(=O)NC(Cc1ccccc1)C(=O)NC(CCC(=O)N)C(=O)O)NC(=O)C(CC(C)C)NC(=O)CNC(=O)C(C(C)O)NC(=O)C(CO)NC(=O)C(C(C)C)NC(=O)C(C(C)C)N,1,V-V-S-T-G-L-I-dQ-dN-G-D-W-T-F-dQ
CCC(C)C(C(=O)N1CCCC1C(=O)NC(CCSC)C(=O)NC(CO)C(=O)NC(C(C)CC)C(=O)N1CCCC1C(=O)N1CCCC1C(=O)NC(CCC(=O)O)C(=O)NC(C(C)C)C(=O)NC(CCCCN)C(=O)NC(Cc1ccccc1)C(=O)NC(CC(=O)N)C(=O)NC(CCCCN)C(=O)N1CCCC1C(=O)NC(Cc1ccccc1)C(=O)NC(C)C(=O)NC(Cc1ccccc1)C(=O)O)NC(=O)C(C)NC(=O)C(CCC(=O)O)NC(=O)C(CC(C)C)N,1,L-E-A-I-P-M-S-I-P-P-E-V-K-F-dN-K-P-F-A-F
CCC(C)C(C(=O)N1CCCC1C(=O)NC(CCSC)C(=O)NC(CO)C(=O)NC(C(C)CC)C(=O)N1CCCC1C(=O)NC(C)C(=O)NC(CCC(=O)O)C(=O)NC(C(C)C)C(=O)NC(CCCCN)C(=O)NC(Cc1ccccc1)C(=O)NC(CC(=O)N)C(=O)NC(CCCCN)C(=O)N1CCCC1C(=O)NC(Cc1ccccc1)C(=O)NC(C(C)C)C(=O)NC(Cc1ccccc1)C(=O)O)NC(=O)C(C)NC(=O)C(CCC(=O)O)NC(=O)C(CC(C)C)N,1,L-E-A-I-P-M-S-I-P-A-E-V-K-F-dN-K-P-F-V-F
CCC(C)C(C(=O)NC(CC(=O)N)C(=O)NC(CC(=O)N)C(=O)NC(Cc1ccc(cc1)O)C(=O)NC(C(C)O)C(=O)NC(CO)C(=O)NC(CC(C)C)C(=O)NC(C(C)CC)C(=O)NC(Cc1cnc[nH]1)C(=O)NC(CO)C(=O)NC(CC(C)C)C(=O)NC(C(C)CC)C(=O)NC(CCC(=O)O)C(=O)NC(CCC(=O)O)C(=O)NC(C)C(=O)NC(CCC(=O)N)C(=O)NC(CC(=O)N)C(=O)NC(CCC(=O)N)C(=O)NC(CCC(=O)N)C(=O)NC(CCC(=O)O)C(=O)NC(CCCCN)C(=O)NC(CC(=O)N)C(=O)NC(CCC(=O)O)C(=O)NC(CCC(=O)N)C(=O)NC(CCC(=O)O)C(=O)NC(CC(C)C)C(=O)NC(CC(C)C)C(=O)O)NC(=O)C(CCC(=O)O)NC(=O)C(CCCNC(=N)N)NC(=O)C(CC(=O)O)NC(=O)C(Cc1c[nH]c2ccccc12)NC(=O)C(CCC(=O)O)NC(=O)C(CCSC)NC(=O)C(Cc1c[nH]c2ccccc12)N,1,W-M-E-W-D-R-E-I-dN-dN-Y-T-S-L-I-H-S-L-I-E-E-A-dQ-dN-dQ-dQ-E-K-dN-E-dQ-E-L-L
CCC(C)C(C(=O)NC(Cc1ccccc1)C(=O)NC(CCC(=O)O)C(=O)NC(C(C)C)C(=O)NC(Cc1ccccc1)C(=O)NC(Cc1ccccc1)C(=O)NC(CCC(=O)N)C(=O)NC(CCCCN)C(=O)NC(CCC(=O)O)C(=O)NC(CCC(=O)O)C(=O)NC(CC(=O)O)C(=O)NC(CC(=O)O)C(=O)O)NC(=O)C(Cc1ccc(cc1)O)NC(=O)C(Cc1ccccc1)N,1,F-Y-I-F-E-V-F-F-dQ-K-E-E-D-D
CCC(C)C(C(=O)N1CCCC1C(=O)NC(CCSC)C(=O)NC(CO)C(=O)NC(C(C)CC)C(=O)N1CCCC1C(=O)N1CCCC1C(=O)NC(CCC(=O)O)C(=O)NC(Cc1ccccc1)C(=O)NC(CC(C)C)C(=O)NC(Cc1ccccc1)C(=O)NCC(=O)NC(CCCCN)C(=O)N1CCCC1C(=O)NC(Cc1ccccc1)C(=O)NC(C(C)C)C(=O)NC(Cc1ccccc1)C(=O)O)NC(=O)C(C)NC(=O)C(CCC(=O)O)NC(=O)C(CC(C)C)N,1,L-E-A-I-P-M-S-I-P-P-E-F-L-F-G-K-P-F-V-F
CCC(C)C(C(=O)NC(Cc1cnc[nH]1)C(=O)NC(CS)C(=O)NC(CC(=O)O)C(=O)NC(C(C)C)C(=O)NC(C(C)C)C(=O)NC(C(C)O)C(=O)NC(CCCNC(=N)N)C(=O)NCC(=O)NCC(=O)NC(CO)C(=O)NC(Cc1cnc[nH]1)C(=O)NC(CC(C)C)C(=O)NC(Cc1ccccc1)C(=O)NC(CC(=O)N)C(=O)NC(Cc1ccccc1)C(=O)O)NC(=O)C1CCCN1C(=O)C(CC(=O)O)NC(=O)C(Cc1ccc(cc1)O)NC(=O)CNC(=O)C1CCCN1C(=O)CNC(=O)C(CC(=O)O)NC(=O)C(CC(C)C)NC(=O)C(CC(C)C)NC(=O)C(Cc1ccc(cc1)O)NC(=O)C(C(C)C)NC(=O)C(CC(C)C)NC(=O)C(CCC(=O)O)NC(=O)C(CC(=O)O)NC(=O)C(CC(C)C)NC(=O)C(CCC(=O)O)NC(=O)CN,1,G-E-L-D-E-L-V-Y-L-L-D-G-P-G-Y-D-P-I-H-C-D-V-V-T-R-G-G-S-H-L-F-dN-F
CC(C)CC(C(=O)NC(CCC(=O)O)C(=O)NC(Cc1cnc[nH]1)C(=O)NC(CC(C)C)C(=O)NC(CC(C)C)C(=O)NC(Cc1ccccc1)C(=O)O)NC(=O)C(Cc1cnc[nH]1)N,1,H-L-E-H-L-L-F
CCC(C)C(C(=O)NCC(=O)NC(C)C(=O)O)NC(=O)CNC(=O)C(C(C)C)NC(=O)C(C)N,1,A-V-G-I-G-A
CCC(C)C(C(=O)NC(CS)C(=O)NC(Cc1ccccc1)C(=O)NC(C(C)C)C(=O)NC(CCC(=O)O)C(=O)NC(CC(=O)O)C(=O)NC(CCC(=O)N)C(=O)NC(CCCCN)C(=O)NC(CCC(=O)O)C(=O)NC(CCC(=O)O)C(=O)NC(CC(=O)O)C(=O)NC(CC(=O)O)C(=O)O)NC(=O)C(Cc1ccc(cc1)O)NC(=O)C(Cc1ccccc1)N,1,F-Y-I-C-F-V-E-D-dQ-K-E-E-D-D
CCC(C)C(C(=O)NC(C(C)CC)C(=O)NC(CC(C)C)C(=O)NC(CO)C(=O)NCC(=O)NC(CCCN=C(N)N)C(=O)NCC(=O)O)NC(=O)C(CCCN=C(N)N)NC(=O)CNC(=O)C(C(C)C)NC(=O)C(C(C)CC)NC(=O)C(C(C)C)NC(=O)C(C(C)C)NC(=O)C(CO)NC(=O)CNC(=O)CN,1,G-G-S-V-V-I-V-G-X2075-I-I-L-S-G-X2075-G
CCC(C)C(C(=O)NC(Cc1ccccc1)C(=O)NC(CCC(=O)O)C(=O)NC(C(C)C)C(=O)NC(CCC(=O)O)C(=O)NC(CC(=O)O)C(=O)NC(CCC(=O)N)C(=O)NC(CCCCN)C(=O)NC(CCC(=O)O)C(=O)NC(CCC(=O)O)C(=O)NC(CC(=O)O)C(=O)NC(CC(=O)O)C(=O)O)NC(=O)C(Cc1ccc(cc1)O)NC(=O)C(Cc1ccccc1)N,1,F-Y-I-F-E-V-E-D-dQ-K-E-E-D-D
CC(C(=O)NC(CS)C(=O)NC(Cc1ccccc1)C(=O)N1CCCC1C(=O)NC(Cc1c[nH]c2ccccc12)C(=O)NCC(=O)NC(CC(=O)N)C(=O)NC(CCC(=O)N)C(=O)NC(Cc1c[nH]c2ccccc12)C(=O)NC(CS)C(=O)NCC(=O)NCC(=O)NC(CCCCN)C(=O)O)N,1,A-C-F-P-W-G-dN-dQ-W-C-G-G-K
CCC(C)C(C(=O)NC(Cc1ccccc1)C(=O)NC(Cc1ccccc1)C(=O)NC(C(C)C)C(=O)NC(Cc1ccccc1)C(=O)NC(Cc1ccccc1)C(=O)NC(CCC(=O)N)C(=O)NC(CCCCN)C(=O)NC(CCC(=O)O)C(=O)NC(CCC(=O)O)C(=O)NC(CC(=O)O)C(=O)NC(CC(=O)O)C(=O)O)NC(=O)C(Cc1ccc(cc1)O)NC(=O)C(Cc1ccccc1)N,1,F-Y-I-F-F-V-F-F-dQ-K-E-E-D-D
CCC(C)C(C(=O)NC(Cc1ccc(cc1)O)C(=O)NC(CCCNC(=N)N)C(=O)O)NC(=O)CNC(=O)C(CCCNC(=N)N)NC(=O)C(CCCNC(=N)N)NC(=O)CNC(=O)C(CCCNC(=N)N)NC(=O)CNC(=O)C(C(C)O)NC(=O)C(CCCNC(=N)N)NC(=O)CNC(=O)C(CCCNC(=N)N)NC(=O)C(CCCNC(=N)N)N,1,R-R-G-R-T-G-R-G-R-R-G-I-Y-R
CC(C)CC(C(=O)NCC(=O)NC(CCCNC(=N)N)C(=O)NC(Cc1ccc(cc1)O)C(=O)NC(CC(C)C)C(=O)NC(CC(C)C)C(=O)NC(CCCNC(=N)N)C(=O)NC(CCCNC(=N)N)C(=O)NC(CC(C)C)C(=O)NC(CCCCN)C(=O)NC(C(C)O)C(=O)NC(CC(C)C)C(=O)NC(Cc1ccccc1)C(=O)NC(C(C)O)C(=O)O)NC(=O)C(CCCNC(=N)N)NC(=O)C(C(C)C)NC(=O)C(Cc1c[nH]c2ccccc12)NC(=O)C(CS)N,1,C-W-V-R-L-G-R-Y-L-L-R-R-L-K-T-L-F-T
CC(C)CC(C(=O)NC(CCCCN)C(=O)NC(Cc1cnc[nH]1)C(=O)NC(CS)C(=O)N)NC(=O)C(CCCCN)NC(=O)C(Cc1ccc(cc1)O)NC(=O)C(CCCCN)NC(=O)C(CCCCN)NC(=O)C(CCCCN)NC(=O)CN,1,G-K-K-K-Y-K-L-K-H-C-am
CCC(C)C1C(=O)N2CCCC2C(=O)N2CCCC2C(=O)NC(CSSCC(C(=O)NC(C(=O)N1)CO)NC(=O)C1CCCN1C(=O)C(C(C)CC)NC(=O)C(C)NC(=O)C(CCC(=O)O)NC(=O)C(CC(C)C)N)C(=O)NC(C(C)C)C(=O)NC(C)C(=O)NC(Cc1ccccc1)C(=O)NC(CC(=O)N)C(=O)NC(CCCCN)C(=O)N1CCCC1C(=O)NC(Cc1ccccc1)C(=O)NC(C(C)C)C(=O)NC(Cc1ccccc1)C(=O)O,1,"L-E-A-I-P-C(20,3)-S-I-P-P-C(20,3)-V-A-F-dN-K-P-F-V-F"
CC(C)CC(C(=O)NC(Cc1ccc(cc1)O)C(=O)NC(CCC(=O)N)C(=O)NC(Cc1ccc(cc1)O)C(=O)NC(C(C)C)C(=O)NC(CC(=O)O)C(=O)NC(CC(=O)O)C(=O)NC(C(C)C)C(=O)O)NC(=O)C(C(C)C)N,1,V-L-Y-dQ-Y-V-D-D-V
CCC(C)C1C(=O)N2CCCC2C(=O)N2CCCC2C(=O)NC(CSSCC(C(=O)NC(C(=O)N1)CO)NC(=O)C1CCCN1C(=O)C(C(C)CC)NC(=O)C(C)NC(=O)C(CCC(=O)O)NC(=O)C(CC(C)C)N)C(=O)NC(C(C)C)C(=O)NCC(=O)NC(Cc1ccccc1)C(=O)NCC(=O)NC(CCCCN)C(=O)N1CCCC1C(=O)NC(Cc1ccccc1)C(=O)NC(C(C)C)C(=O)NC(Cc1ccccc1)C(=O)O,1,"L-E-A-I-P-C(20,3)-S-I-P-P-C(20,3)-V-G-F-G-K-P-F-V-F"
CCC(C)C(C(=O)NC(CCC(=O)N)C(=O)NC(C(C)O)C(=O)NC(C)C(=O)NC(CCC(=O)N)C(=O)NCC(=O)NC(C(C)C)C(=O)NC(C(C)C)C(=O)NC(C)C(=O)NC(C(C)C)C(=O)NC(C)C(=O)N1CCCC1C(=O)NCC(=O)NC(C)C(=O)NC(CCCCN)C(=O)NC(C(C)CC)C(=O)NC(C(C)CC)C(=O)NCC(=O)NC(CC(=O)O)C(=O)NC(CCCNC(=N)N)C(=O)NC(C(C)CC)C(=O)NC(CC(=O)N)C(=O)NC(CCC(=O)N)C(=O)NCC(=O)NC(C(C)C)C(=O)NC(CCCCN)C(=O)NC(CCC(=O)O)C(=O)NC(C(C)CC)C(=O)NC(CCCCN)C(=O)NC(CCCCN)C(=O)NC(Cc1ccccc1)C(=O)NC(CC(C)C)C(=O)NC(CCCCN)C(=O)NC(Cc1c[nH]c2ccccc12)C(=O)NC(CCCCN)C(=O)O)NC(=O)C(C)NC(=O)C(CCCCN)N,1,K-A-I-dQ-T-A-dQ-G-V-V-A-V-A-P-G-A-K-I-I-G-D-R-I-dN-dQ-G-V-K-E-I-K-K-F-L-K-W-K
CCC(C)C(C(=O)NC(C(C)C)C(=O)NC(CCCN=C(N)N)C(=O)NC(C(C)O)C(=O)NC(CCCCN)C(=O)NCC(=O)NC(C(C)O)C(=O)NC(CCCN=C(N)N)C(=O)NC(CC(C)C)C(=O)O)NC(=O)C(CC(C)C)NC(=O)C(C)NC(=O)C1CCCN1C(=O)C(CCCN=C(N)N)NC(=O)C(Cc1ccccc1)N,1,F-X2075-P-A-L-I-V-X2075-T-K-G-T-X2075-L
CCC(C)C1C(=O)NC(C(=O)NCC(=O)NC(C(=O)NC(C(=O)NC(C(=O)NC(C(=O)NCC(=O)NC(C(=O)NC2CSSCC3C(=O)NC(C(=O)NC(C(=O)N4CCCC4C(=O)NC(C(=O)NC(CSSCC(C(=O)NC(CSSCC(C(=O)NC(C(=O)N3)Cc3ccc(cc3)O)NC(=O)C(C(C)O)NC(=O)C(C(C)O)N)C(=O)NC(CCCNC(=N)N)C(=O)NC(CCCNC(=N)N)C(=O)O)NC(=O)C(NC(=O)C(NC(=O)C(NC(=O)C(NC(=O)C(NC(=O)CNC(=O)C(NC(=O)C(NC(=O)C(NC2=O)C(C)CC)Cc2ccc(cc2)O)CCC(=O)N)CCCNC(=N)N)CC(C)C)Cc2c[nH]c3ccccc23)C)Cc2ccccc2)C(=O)N1)C)C(C)CC)CCCNC(=N)N)C(C)O)Cc1ccc(cc1)O)CCCNC(=N)N)CCCNC(=N)N)CCC(=O)O)C,1,"T-T-C(35,3)-Y-C(33,3)-R-I-P-A-C(34,3)-I-A-G-E-R-R-Y-G-T-C(33,3)-I-Y-dQ-G-R-L-W-A-F-C(34,3)-C(35,3)-R-R"
CCC(C)C(C(=O)NC(C(C)O)C(=O)NC(C)C(=O)NC(Cc1ccc(cc1)O)C(=O)NC(CO)C(=O)O)NC(=O)C1CCCN1C(=O)C(C)N,1,A-P-I-T-A-Y-S
CCC(C)C(C(=O)NC(C(C)C)C(=O)NC(CCCN=C(N)N)C(=O)NCC(=O)NC(CCCCN)C(=O)NC(CCCCN)C(=O)O)NC(=O)CNC(=O)C(C(C)CC)NC(=O)C(C(C)C)NC(=O)C(CO)NC(=O)C(C(C)CC)NC(=O)C(CO)NC(=O)CNC(=O)C(CC(C)C)NC(=O)C(CCCN=C(N)N)NC(=O)C(C(C)C)N,1,V-X2075-L-G-S-I-S-V-I-G-I-V-X2075-G-K-K
CCC(C)C(C(=O)NC(CS)C(=O)NC(CCC(=O)O)C(=O)NC(C(C)C)C(=O)NC(Cc1ccccc1)C(=O)NC(CC(=O)O)C(=O)NC(CCC(=O)N)C(=O)NC(CCCCN)C(=O)NC(CCC(=O)O)C(=O)NC(CCC(=O)O)C(=O)NC(CC(=O)O)C(=O)NC(CC(=O)O)C(=O)O)NC(=O)C(Cc1ccc(cc1)O)NC(=O)C(Cc1ccccc1)N,1,F-Y-I-C-E-V-F-D-dQ-K-E-E-D-D
CCC(C)C(C(=O)NC(Cc1cnc[nH]1)C(=O)NC(Cc1ccccc1)C(=O)NCC(=O)N1CCCC1C(=O)NCC(=O)NC(CCC(=O)N)C(=O)NC(C)C(=O)NC(CC(C)C)C(=O)NC(Cc1ccc(cc1)O)C(=O)NC(C(C)O)C(=O)NC(C(C)O)C(=O)NCC(=O)NC(C(C)CC)C(=O)NC(C(C)C)C(=O)NCC(=O)NC(CC(=O)O)C(=O)NC(C(C)CC)C(=O)NC(CCNC(=N)N)C(=O)NC(CCNC(=N)N)C(=O)NC(C)C(=O)NC(Cc1ccc(cc1)O)C(=O)NC(CS)C(=O)O)NC(=O)CNC(=O)C(CCNC(=N)N)NC(=O)C(CCNC(=N)N)NC(=O)C(C(C)O)NC(=O)C(CC(=O)N)NC(=O)C(CC(=O)N)N,1,dN-dN-T-X2516-X2516-G-I-H-F-G-P-G-dQ-A-L-Y-T-T-G-I-V-G-D-I-X2516-X2516-A-Y-C
CC(C)CC(C(=O)NC(CCCN=C(N)N)C(=O)NC(CC(C)C)C(=O)NC(CC(C)C)C(=O)O)NC(=O)CNC(=O)C(CCCN=C(N)N)NC(=O)CN,1,G-X2075-G-L-X2075-L-L
CCC(C)C1C(=O)N2CCCC2C(=O)N2CCCC2C(=O)NC(CSSCC(C(=O)NC(C(=O)N1)CO)NC(=O)C1CCCN1C(=O)C(C(C)CC)NC(=O)C(C)NC(=O)C(CCC(=O)O)NC(=O)C(CC(C)C)N)C(=O)NC(C(C)C)C(=O)NC(CC(C)C)C(=O)NC(Cc1ccccc1)C(=O)NC(CC(=O)N)C(=O)NC(CCCCN)C(=O)N1CCCC1C(=O)NC(Cc1ccccc1)C(=O)NC(C(C)C)C(=O)NC(Cc1ccccc1)C(=O)O,1,"L-E-A-I-P-C(20,3)-S-I-P-P-C(20,3)-V-L-F-dN-K-P-F-V-F"
CCC(C)C(C(=O)NC(C(C)O)C(=O)NC(Cc1ccc(cc1)O)C(=O)NC(C(C)C)C(=O)NC(CC(=O)N)C(=O)NC(Cc1ccccc1)C(=O)NC(CC(C)C)C(=O)NC(CC(=O)N)C(=O)NC(CCC(=O)O)C(=O)NC(CC(C)C)C(=O)NC(CCCNC(=N)N)C(=O)NC(C(C)C)C(=O)NC(CCCCN)C(=O)NC(C(C)O)C(=O)NC(CC(=O)O)C(=O)N1CCCC1C(=O)NC(CCC(=O)O)C(=O)NCC(=O)NC(CC(=O)N)C(=O)NC(CO)C(=O)NC(Cc1cnc[nH]1)C(=O)NCC(=O)NC(C(C)CC)C(=O)N1CCCC1C(=O)NC(CO)C(=O)NC(CC(C)C)C(=O)NC(CCCNC(=N)N)C(=O)NC(CCCCN)C(=O)O)NC(=O)C(Cc1ccc(cc1)O)NC(=O)C(C(C)O)NC(=O)C(C)NC(=O)CNC(=O)C(CCCCN)N,1,K-G-A-T-Y-I-T-Y-V-dN-F-L-dN-E-L-R-V-K-T-D-P-E-G-dN-S-H-G-I-P-S-L-R-K
CCC(C)C(C(=O)NC(C(C)CC)C(=O)NCC(=O)NC(CC(=O)O)C(=O)NC(C(C)CC)C(=O)NC(CCNC(=N)N)C(=O)NC(CCC(=O)N)C(=O)NC(C)C(=O)NC(Cc1cnc[nH]1)C(=O)NC(CS)C(=O)O)NC(=O)C(CCC(=O)O)NC(=O)CNC(=O)C(C(C)O)NC(=O)C(C(C)O)NC(=O)C(Cc1ccc(cc1)O)NC(=O)C(Cc1ccccc1)NC(=O)C(C)NC(=O)C(CCNC(=N)N)NC(=O)CNC(=O)C1CCCN1C(=O)CNC(=O)C(C(C)CC)NC(=O)C(Cc1cnc[nH]1)NC(=O)C(C(C)CC)NC(=O)C(CO)NC(=O)C(CCCCN)NC(=O)C(CCNC(=N)N)NC(=O)C(C(C)O)NC(=O)C(CC(=O)N)NC(=O)C(CC(=O)N)N,1,dN-dN-T-X2516-K-S-I-H-I-G-P-G-X2516-A-F-Y-T-T-G-E-I-I-G-D-I-X2516-dQ-A-H-C
CCC(C)C(C(=O)NC(CS)C(=O)NC(Cc1ccccc1)C(=O)NC(C(C)C)C(=O)NC(Cc1ccccc1)C(=O)NC(CC(=O)O)C(=O)NC(CCC(=O)N)C(=O)NC(CCCCN)C(=O)NC(CCC(=O)O)C(=O)NC(CCC(=O)O)C(=O)NC(CC(=O)O)C(=O)NC(CC(=O)O)C(=O)O)NC(=O)C(Cc1ccc(cc1)O)NC(=O)C(C(C)O)N,1,T-Y-I-C-F-V-F-D-dQ-K-E-E-D-D
CCC(C)C1C(=O)NC(C(=O)NC(CSSCC(C(=O)NC(C(=O)NC(C(=O)NC(C(=O)NC(C(=O)NC(C(=O)NC(C(=O)NC(C(=O)NC(NC(C(=O)NC(C(=O)NCC(=O)NC(C(=O)N2CCCC2C(=O)NC(C(=O)N1)CO)C)CC(C)C)CCCCN)CCCCN)CCSC)CCCNC(=N)N)Cc1c[nH]c2ccccc12)CCC(=O)N)Cc1c[nH]c2ccccc12)CCCNC(=N)N)CCCNC(=N)N)NC(=O)C(CCCCN)NC(=O)C(Cc1ccccc1)N)C(=O)NC(C(C)C)C(=O)NC(CCCNC(=N)N)C(=O)NC(C)C(=O)NC(Cc1ccccc1)C(=O)O)C(C)O,1,"F-K-C(23,3)-R-R-W-dQ-W-R-M-X-L-G-A-P-S-I-T-C(23,3)-V-R-A-F"
CCC(C)C(C(=O)NC(CO)C(=O)NC(CCC(=O)N)C(=O)NCC(=O)NC(C(C)O)C(=O)NC(CCC(=O)N)C(=O)O)NC(=O)C(C(C)O)NC(=O)C(CC(=O)O)NC(=O)C(C)NC(=O)C(C)NC(=O)C(C)NC(=O)CNC(=O)C(CC(C)C)NC(=O)C(C)NC(=O)C(C)NC(=O)C(CCCCN)NC(=O)CNC(=O)C(C)NC(=O)C(Cc1cnc[nH]1)NC(=O)C(CC(C)C)NC(=O)C(C)NC(=O)C(CCSC)NC(=O)C(C(C)O)NC(=O)CNC(=O)C(CC(C)C)NC(=O)C(CCCCN)NC(=O)C(CCCCN)NC(=O)C(CC(C)C)NC(=O)C(CCSC)NC(=O)C(C(C)O)NC(=O)C(CCCCN)NC(=O)C(Cc1c[nH]c2ccccc12)NC(=O)C(CC(C)C)NC(=O)C(C)N,1,A-L-W-K-T-M-L-K-K-L-G-T-M-A-L-H-A-G-K-A-A-L-G-A-A-A-D-T-I-S-dQ-G-T-dQ
CC(C)CC(C(=O)NC(CC(C)C)C(=O)O)NC(=O)C(CCCN=C(N)N)NC(=O)C(Cc1c[nH]c2ccccc12)NC(=O)CNC(=O)C(CCC(=O)N)NC(=O)C(CCC(=O)O)N,1,E-dQ-G-W-X2075-L-L
CCC(C)C1C(=O)NC(C(=O)NCC(=O)NC(C(=O)NC(C(=O)NC(C(=O)NC(C(=O)NCC(=O)NC(C(=O)NC2CSSCC3C(=O)NC(C(=O)NC(C(=O)N4CCCC4C(=O)NC(C(=O)NC(CSSCC(C(=O)NC(CSSCC(C(=O)NC(C(=O)N3)Cc3ccc(cc3)O)NC(=O)C(C(C)C)NC(=O)C(C(C)C)N)C(=O)NC(CCCNC(=N)N)C(=O)NC(CCCNC(=N)N)C(=O)O)NC(=O)C(NC(=O)C(NC(=O)C(NC(=O)C(NC(=O)C(NC(=O)CNC(=O)C(NC(=O)C(NC(=O)C(NC2=O)C(C)CC)Cc2ccc(cc2)O)CCC(=O)N)CCCNC(=N)N)CC(C)C)Cc2c[nH]c3ccccc23)C)Cc2ccccc2)C(=O)N1)C)C(C)CC)CCCNC(=N)N)C(C)O)Cc1ccc(cc1)O)CCCNC(=N)N)CCCNC(=N)N)CCC(=O)O)C,1,"V-V-C(35,3)-Y-C(33,3)-R-I-P-A-C(34,3)-I-A-G-E-R-R-Y-G-T-C(33,3)-I-Y-dQ-G-R-L-W-A-F-C(34,3)-C(35,3)-R-R"
CC(C(C(=O)NC(CCCNC(=N)N)C(=O)NC(CCC(=O)N)C(=O)NC(C)C(=O)NC(CCCNC(=N)N)C(=O)NC(CCCNC(=N)N)C(=O)NC(CC(=O)N)C(=O)NC(CCCNC(=N)N)C(=O)NC(CCCNC(=N)N)C(=O)NC(CCCNC(=N)N)C(=O)NC(CCCNC(=N)N)C(=O)NC(Cc1c[nH]c2ccccc12)C(=O)NC(CCCNC(=N)N)C(=O)NC(CCC(=O)O)C(=O)NC(CCCNC(=N)N)C(=O)NC(CCC(=O)N)C(=O)NC(CCCNC(=N)N)C(=O)NC(C)C(=O)NC(C)C(=O)NC(C)C(=O)NC(C)C(=O)NC(CS)C(=O)O)N)O,1,T-R-dQ-A-R-R-dN-R-R-R-R-W-R-E-R-dQ-R-A-A-A-A-C
CC(=O)NC(CCCN=C(N)N)C(=O)NC(CCCCN)C(=O)NC(CCCCN)C(=O)NC(CCCN=C(N)N)C(=O)NC(CCCN=C(N)N)C(=O)NC(CCC(=O)N)C(=O)NC(CCCN=C(N)N)C(=O)NC(CCCN=C(N)N)C(=O)NC(CCCN=C(N)N)C(=O)N,1,ac-X2075-K-K-X2075-X2075-dQ-X2075-X2075-X2075-am
CCC(C)C(C(=O)NC(Cc1ccccc1)C(=O)NC(CCC(=O)O)C(=O)NC(C(C)C)C(=O)NC(CCC(=O)O)C(=O)NC(Cc1ccccc1)C(=O)NC(CCC(=O)N)C(=O)NC(CCCCN)C(=O)NC(CCC(=O)O)C(=O)NC(CCC(=O)O)C(=O)NC(CC(=O)O)C(=O)NC(CC(=O)O)C(=O)O)NC(=O)C(Cc1ccc(cc1)O)NC(=O)C(Cc1ccccc1)N,1,F-Y-I-F-E-V-E-F-dQ-K-E-E-D-D
CCC(C)C(C(=O)NC(CO)C(=O)NC(Cc1ccc(cc1)O)C(=O)NC(CC(C)C)C(=O)NC(CCCCN)C(=O)NCC(=O)NC(CO)C(=O)NC(CO)C(=O)NCC(=O)NCC(=O)N1CCCC1C(=O)NC(CC(C)C)C(=O)NC(CC(C)C)C(=O)O)NC(=O)C1CCCN1C(=O)C(CCCN=C(N)N)NC(=O)C1CCCN1,1,P-X2075-P-I-S-Y-L-K-G-S-S-G-G-P-L-L
CC(=O)NC(CS)C(=O)NC(CCCCN)C(=O)NC(CCCN=C(N)N)C(=O)NC(CCCN=C(N)N)C(=O)NC(CCCN=C(N)N)C(=O)NC(CCC(=O)N)C(=O)NC(CCCN=C(N)N)C(=O)NC(CCCN=C(N)N)C(=O)NC(CCCCN)C(=O)NC(CCCCN)C(=O)NC(CCCN=C(N)N)C(=O)N,1,ac-C-K-X2075-X2075-X2075-dQ-X2075-X2075-K-K-X2075-am
CCC(C)C(C(=O)NC(CO)C(=O)NC(Cc1ccccc1)C(=O)NC(C(C)C)C(=O)NC(CCC(=O)O)C(=O)NC(CC(=O)O)C(=O)NC(CCC(=O)O)C(=O)O)NC(=O)C(Cc1ccc(cc1)O)NC(=O)C(Cc1ccccc1)N,1,F-Y-I-S-F-V-E-D-E
CCC(C)C(C(=O)NC(C(C)O)C(=O)NC(C)C(=O)NC(Cc1ccc(cc1)O)C(=O)NC(CO)C(=O)O)NC(=O)C1CCCN1C(=O)C(C)NC(=O)C(CC(C)C)NC(=O)C(CC(C)C)NC(=O)C(CCCN=C(N)N)NC(=O)C(CC(C)C)NC(=O)CNC(=O)C(CCCN=C(N)N)NC(=O)CN,1,G-X2075-G-L-X2075-L-L-A-P-I-T-A-Y-S
CCC(C)C(C(=O)NCC(=O)NC(C)C(=O)NC(CC(C)C)C(=O)NC(Cc1ccccc1)C(=O)NC(CC(C)C)C(=O)NCC(=O)NC(Cc1ccccc1)C(=O)NC(CC(C)C)C(=O)NCC(=O)NC(C)C(=O)NC(C)C(=O)NCC(=O)NC(CO)C(=O)NC(C(C)O)C(=O)NC(CCSC)C(=O)NCC(=O)NC(C)C(=O)NC(CCCNC(=N)N)C(=O)NC(CO)C(=O)NC(CCSC)C(=O)NC(C(C)O)C(=O)NC(CC(C)C)C(=O)NC(C(C)O)C(=O)NC(C(C)C)C(=O)NC(CCC(=O)N)C(=O)NC(C)C(=O)NC(CCCNC(=N)N)C(=O)NC(CCC(=O)N)C(=O)NC(CC(C)C)C(=O)O)NC(=O)CNC(=O)C(C(C)C)NC(=O)C(C)N,1,A-V-G-I-G-A-L-F-L-G-F-L-G-A-A-G-S-T-M-G-A-R-S-M-T-L-T-V-dQ-A-R-dQ-L
CCC(C)C(C(=O)NC(CCC(=O)N)C(=O)NC(CCNC(=N)N)C(=O)NCC(=O)N1CCCC1C(=O)NCC(=O)NC(CCNC(=N)N)C(=O)NC(C)C(=O)NC(Cc1ccccc1)C(=O)NC(C(C)C)C(=O)NC(C(C)O)C(=O)NC(C(C)CC)C(=O)NCC(=O)NC(CCCCN)C(=O)O)NC(=O)C(CCNC(=N)N)NC(=O)C(C(C)CC)NC(=O)C(CO)NC(=O)C(CCCCN)NC(=O)C(CCNC(=N)N)NC(=O)C(C(C)O)NC(=O)C(CC(=O)N)NC(=O)C(CS)N,1,C-dN-T-X2516-K-S-I-X2516-I-dQ-X2516-G-P-G-X2516-A-F-V-T-I-G-K
C(CC(C(=O)NC(CCCN=C(N)N)C(=O)NC(CCCN=C(N)N)C(=O)O)N)CN=C(N)N,1,X2075-X2075-X2075
CC(C)CC(C(=O)NC(CCC(=O)O)C(=O)NC(C(C)C)C(=O)NC(C(C)C)C(=O)NC(CS)C(=O)NC(CO)C(=O)NC(C(C)O)C(=O)NC(Cc1ccc(cc1)O)C(=O)NC(C(C)C)C(=O)NC(CC(C)C)C(=O)NC(C(C)C)C(=O)NC(CCC(=O)O)C(=O)NC(C)C(=O)O)NC(=O)C(CC(=O)O)NC(=O)C(CCCCN)NC(=O)C(C)N,1,A-K-D-L-E-V-V-C-S-T-Y-V-L-V-E-A
CC(C)CC(C(=O)NC(CCCCN)C(=O)O)NC(=O)C(Cc1ccccc1)NC(=O)CNC(=O)C(CC(=O)N)NC(=O)C(CC(=O)N)NC(=O)C(CC(=O)O)NC(=O)C(Cc1ccc(cc1)O)NC(=O)C(CCC(=O)O)NC(=O)CNC(=O)C(CCC(=O)O)NC(=O)C(CC(=O)O)NC(=O)C(C)NC(=O)C(CCC(=O)O)NC(=O)CNC(=O)C(CCC(=O)O)NC(=O)C(Cc1ccc(cc1)O)NC(=O)C(C(C)C)N,1,V-Y-E-G-E-A-D-E-G-E-Y-D-dN-dN-G-F-L-K
CC(C)C(C(=O)NC(CCSC)C(=O)NC(C)C(=O)NC(CCCCN)C(=O)NC(CS)C(=O)N1CCCC1C(=O)NC(CCC(=O)O)C(=O)NC(CCCNC(=N)N)C(=O)NC(CCC(=O)N)C(=O)NC(C)C(=O)NCC(=O)O)NC(=O)C(Cc1cnc[nH]1)NC(=O)CNC(=O)C(C(C)O)NC(=O)C(CCCCN)NC(=O)CNC(=O)C(CS)NC(=O)C(CCCCN)NC(=O)C(Cc1c[nH]c2ccccc12)NC(=O)C(CS)NC(=O)CNC(=O)C(CCC(=O)N)N,1,dQ-G-C-W-K-C-G-K-T-G-H-V-M-A-K-C-P-E-R-dQ-A-G
CCC(C)C1C(=O)N2CCCC2C(=O)N2CCCC2C(=O)NC(CSSCC(C(=O)NC(C(=O)N1)CO)NC(=O)C1CCCN1C(=O)C(C(C)CC)NC(=O)C(C)NC(=O)C(CCC(=O)O)NC(=O)C(CC(C)C)N)C(=O)NC(Cc1ccccc1)C(=O)NC(C)C(=O)NC(Cc1ccccc1)C(=O)NC(CC(=O)N)C(=O)NC(CCCCN)C(=O)N1CCCC1C(=O)NC(Cc1ccccc1)C(=O)NC(C(C)C)C(=O)NC(Cc1ccccc1)C(=O)O,1,"L-E-A-I-P-C(20,3)-S-I-P-P-C(20,3)-F-A-F-dN-K-P-F-V-F"
CCC(C)C(C(=O)NC(Cc1ccccc1)C(=O)NC(C(C)O)C(=O)NC(CC(=O)O)C(=O)NC(CO)C(=O)NC(Cc1ccc(cc1)O)C(=O)NC(CO)C(=O)NC(CCCNC(=N)N)C(=O)NC(Cc1ccc(cc1)O)C(=O)NC(CCCNC(=N)N)C(=O)NC(CCCCN)C(=O)NC(CCC(=O)N)C(=O)NC(CCSC)C(=O)NC(C)C(=O)NC(C(C)C)C(=O)NC(CCCCN)C(=O)NC(CCCCN)C(=O)NC(Cc1ccc(cc1)O)C(=O)NC(CC(C)C)C(=O)NC(C)C(=O)NC(C)C(=O)NC(C(C)C)C(=O)NC(CC(C)C)C(=O)N)NC(=O)CNC(=O)C(CC(=O)O)NC(=O)C(CO)NC(=O)C(Cc1c[nH]cn1)N,0,H-S-D-G-I-F-T-D-S-Y-S-R-Y-R-K-dQ-M-A-V-K-K-Y-L-A-A-V-L-am
CCC(C)C(C(=O)NCC(=O)NC(CCCCN)C(=O)NCC(=O)NC(C(C)C)C(=O)NC(CCCCN)C(=O)NC(C(C)CC)C(=O)NC(C(C)CC)C(=O)NCC(=O)NCC(=O)NC(C)C(=O)NC(C)C(=O)NC(CC(C)C)C(=O)NC(CC(=O)O)C(=O)NC(Cc1cnc[nH]1)C(=O)NC(CC(C)C)C(=O)N)NC(=O)C(CCCNC(=N)N)NC(=O)C(CCCNC(=N)N)NC(=O)C(CC(C)C)NC(=O)C(Cc1c[nH]c2ccccc12)N,0,W-L-R-R-I-G-K-G-V-K-I-I-G-G-A-A-L-D-H-L-am
CCC(C)C(C(=O)NC(Cc1ccccc1)C(=O)NC(C(C)O)C(=O)NC(CC(=O)O)C(=O)NC(CO)C(=O)NC(Cc1ccc(cc1)O)C(=O)NC(CO)C(=O)NC(CCCN=C(N)N)C(=O)NC(Cc1ccc(cc1)O)C(=O)NC(CCCN=C(N)N)C(=O)NC(CCCCN)C(=O)NC(CCC(=O)N)C(=O)NC(CCSC)C(=O)NC(C)C(=O)NC(C(C)C)C(=O)NC(CCCCN)C(=O)NC(CCCCN)C(=O)NC(Cc1ccc(cc1)O)C(=O)NC(CC(C)C)C(=O)NC(C)C(=O)NC(C)C(=O)NC(C(C)C)C(=O)NC(CC(C)C)C(=O)NCC(=O)NC(CCCCN)C(=O)NC(CCCN=C(N)N)C(=O)NC(Cc1ccc(cc1)O)C(=O)NC(CCCCN)C(=O)NC(CCC(=O)N)C(=O)NC(CCCN=C(N)N)C(=O)NC(C(C)C)C(=O)NC(CCCCN)C(=O)NC(CC(=O)N)C(=O)NC(CCCCN)C(=O)N)NC(=O)CNC(=O)C(CCCC(=O)O)NC(=O)C(CO)NC(=O)C(Cc1cnc[nH]1)N,0,H-S-X2155-G-I-F-T-D-S-Y-S-X2075-Y-X2075-K-dQ-M-A-V-K-K-Y-L-A-A-V-L-G-K-X2075-Y-K-dQ-X2075-V-K-dN-K-am
CCC(C)C1C(=O)NC(C(=O)NCC(=O)NC(C(=O)NC(C(=O)NC(C(=O)NC(C(=O)NCC(=O)NC(C(=O)NC2CSSCC3C(=O)NC(C(=O)NC(C(=O)N4CCCC4C(=O)NC(C(=O)NC(CSSCC(C(=O)NC(CSSCC(C(=O)NC(C(=O)N3)Cc3ccc(cc3)O)N)C(=O)O)NC(=O)C(NC(=O)C(NC(=O)C(NC(=O)C(NC(=O)C(NC(=O)CNC(=O)C(NC(=O)C(NC(=O)C(NC2=O)C(C)CC)Cc2ccc(cc2)O)CCC(=O)N)CCCNC(=N)N)CC(C)C)Cc2c[nH]c3ccccc23)C)Cc2ccccc2)C(=O)N1)C)C(C)CC)CCCNC(=N)N)C(C)O)Cc1ccc(cc1)O)CCCNC(=N)N)CCCNC(=N)N)CCC(=O)O)C,0,"C(31,3)-Y-C(29,3)-R-I-P-A-C(30,3)-I-A-G-E-R-R-Y-G-T-C(29,3)-I-Y-dQ-G-R-L-W-A-F-C(30,3)-C(31,3)"
CCC(C)C(C(=O)NC(C(C)C)C(=O)NC(CCCN=C(N)N)C(=O)NC(C(C)O)C(=O)NC(CCCCN)C(=O)NCC(=O)NC(C(C)O)C(=O)NC(CCCN=C(N)N)C(=O)NC(CC(C)C)C(=O)O)NC(=O)C(CC(C)C)NC(=O)C(C)NC(=O)C1CCCN1C(=O)C(CCCN=C(N)N)NC(=O)C(Cc1ccccc1)N,0,F-X2075-P-A-L-I-V-X2075-T-K-G-T-X2075-L
CCC(C)C(C(=O)N)NC(=O)C(CCCNC(=N)N)NC(=O)C(C(C)CC)NC(=O)C(C(C)CC)NC(=O)C1CCCN1C(=O)C(C(C)C)NC(=O)C(C(C)CC)NC(=O)C(C(C)CC)NC(=O)C1CCCN1C(=O)CNC(=O)C(Cc1ccc(cc1)O)NC(=O)C(CCCCN)NC(=O)C(CCCCN)NC(=O)C(Cc1c[nH]c2ccccc12)NC(=O)C(C)NC(=O)C(CCCNC(=N)N)NC(=O)C(CC(C)C)NC(=O)C(C(C)CC)NC(=O)C(CCCCN)NC(=O)C(CCCNC(=N)N)NC(=O)CNC(=O)C(CC(C)C)NC(=O)C(CO)NC(=O)C(CCCNC(=N)N)NC(=O)C(CC(C)C)NC(=O)CNC(=O)CN,0,G-G-L-R-S-L-G-R-K-I-L-R-A-W-K-K-Y-G-P-I-I-V-P-I-I-R-I-am
CCC(C)C(C(=O)NC(Cc1ccccc1)C(=O)NC(C(C)O)C(=O)NC(CC(=O)O)C(=O)NC(CO)C(=O)NC(Cc1ccc(cc1)O)C(=O)NC(CO)C(=O)NC(CCCN=C(N)N)C(=O)NC(Cc1ccc(cc1)O)C(=O)NC(CCCN=C(N)N)C(=O)NC(CCCCN)C(=O)NC(CCC(=O)N)C(=O)NC(CCSC)C(=O)NC(C)C(=O)NC(C(C)C)C(=O)NC(CCCCN)C(=O)NC(CCCCN)C(=O)NC(Cc1ccc(cc1)O)C(=O)NC(CC(C)C)C(=O)NC(C)C(=O)NC(C)C(=O)NC(C(C)C)C(=O)NC(CC(C)C)C(=O)N)NC(=O)CNC(=O)C(CC(=O)O)NC(=O)C(Cc1ccccc1)NC(=O)C(Cc1cnc[nH]1)NC(=O)C,0,ac-H-F-D-G-I-F-T-D-S-Y-S-X2075-Y-X2075-K-dQ-M-A-V-K-K-Y-L-A-A-V-L-am
CCC(C)C1C(=O)NC(C(=O)NC(C(=O)NC(C(=O)NC(CSSCC(C(=O)NC(C(=O)N1)CCCCN)NC(=O)C(Cc1ccccc1)NC(=O)C(CC(C)C)NC(=O)C(C)NC(=O)C1CCCN1C(=O)C(C(C)C)NC(=O)C(C(C)C)NC(=O)C(CCCCN)NC(=O)C(C)NC(=O)C(C)NC(=O)C(C(C)CC)NC(=O)CNC(=O)C(C)NC(=O)C(CC(C)C)NC(=O)C(C(C)C)NC(=O)C1CCCN1C(=O)C(CC(C)C)NC(=O)C(Cc1ccccc1)N)C(=O)O)CCCCN)CCCCN)C(C)O,0,"F-L-P-V-L-A-G-I-A-A-K-V-V-P-A-L-F-C(24,3)-K-I-T-K-K-C(24,3)"
CCC(C)C(C(=O)NC(C(C)C)C(=O)NCC(=O)NC(CCSC)C(=O)NC(CC(C)C)C(=O)NCC(=O)NC(CCCCN)C(=O)NC(CC(C)C)C(=O)NC(Cc1ccccc1)C(=O)O)NC(=O)CNC(=O)C(CO)NC(=O)C(CC(C)C)NC(=O)C(Cc1ccccc1)N,0,F-L-S-G-I-V-G-M-L-G-K-L-F
CCC(C)C(C(=O)NC(CCC(=O)O)C(=O)NC(C)C(=O)NC(CCCNC(=N)N)C(=O)NC(CCCCN)C(=O)NC(Cc1ccc(cc1)O)C(=O)NC(CC(C)C)C(=O)NC(CCC(=O)O)C(=O)NC(CCC(=O)N)C(=O)NC(CC(C)C)C(=O)NC(Cc1cnc[nH]1)C(=O)NC(CCCNC(=N)N)C(=O)NC(CCCCN)C(=O)NC(CC(C)C)C(=O)NC(CCCCN)C(=O)NC(CC(=O)N)C(=O)NC(CCCNC(=N)N)C(=O)NC(CCCCN)C(=O)NC(C(C)C)C(=O)O)NC(=O)C(CC(C)C)NC(=O)CNC(=O)C(CO)NC(=O)C(C(C)C)NC(=O)C(CC(C)C)NC(=O)C(CC(=O)N)N,0,dN-L-V-S-G-L-I-E-A-R-K-Y-L-E-dQ-L-H-R-K-L-K-dN-R-K-V
CCC(C)C(C(=O)NC(C(C)C)C(=O)NC(C(C)C)C(=O)NC(C(C)CC)C(=O)NC(CCCN=C(N)N)C(=O)NC(C(C)C)C(=O)NC(C)C(=O)NC(CCCN=C(N)N)C(=O)O)NC(=O)C(CCCN=C(N)N)NC(=O)C(CCCN=C(N)N)NC(=O)C(CC(C)C)NC(=O)C(CCCN=C(N)N)N,0,X2075-L-X2075-X2075-I-V-V-I-X2075-V-A-X2075
CCC(C)C(C(=O)NCC(=O)NC(CCCCN)C(=O)NC(CCC(=O)O)C(=O)NC(Cc1ccccc1)C(=O)NC(CCCCN)C(=O)NC(CCCNC(=N)N)C(=O)NC(C(C)CC)C(=O)NC(C(C)C)C(=O)NC(CCC(=O)N)C(=O)NC(CCCNC(=N)N)C(=O)NC(C(C)CC)C(=O)NC(CCCCN)C(=O)NC(CC(=O)O)C(=O)NC(Cc1ccccc1)C(=O)NC(CC(C)C)C(=O)NC(CCCNC(=N)N)C(=O)NC(CC(=O)N)C(=O)NC(CC(C)C)C(=O)NC(C(C)C)C(=O)N1CCCC1C(=O)NC(CCCNC(=N)N)C(=O)NC(C(C)O)C(=O)NC(CCC(=O)O)C(=O)NC(CO)C(=O)O)NC(=O)C(CCCCN)NC(=O)C(CCC(=O)O)NC(=O)C(CCCCN)NC(=O)C(CO)NC(=O)C(CCCCN)NC(=O)C(CCCNC(=N)N)NC(=O)C(Cc1ccccc1)NC(=O)C(Cc1ccccc1)NC(=O)C(CC(=O)O)NC(=O)CNC(=O)C(CC(C)C)NC(=O)C(CC(C)C)N,0,L-L-G-D-F-F-R-K-S-K-E-K-I-G-K-E-F-K-R-I-V-dQ-R-I-K-D-F-L-R-dN-L-V-P-R-T-E-S
CCC(C)C(C(=O)NC(CC(C)C)C(=O)NCC(=O)N1CCCC1C(=O)NC(C(C)C)C(=O)NC(C(C)CC)C(=O)NC(CO)C(=O)NC(C(C)O)C(=O)NC(C(C)CC)C(=O)NCC(=O)NCC(=O)NC(C(C)C)C(=O)NC(CC(C)C)C(=O)NCC(=O)NCC(=O)NC(CC(C)C)C(=O)NC(CC(C)C)C(=O)NC(CCCCN)C(=O)NC(CC(=O)N)C(=O)NC(CC(C)C)C(=O)N)N,0,I-L-G-P-V-I-S-T-I-G-G-V-L-G-G-L-L-K-dN-L-am
CCC(C)C(C(=O)NCC(=O)NC(Cc1ccc(cc1)O)C=O)NC(=O)C(CCCCN)NC(=O)C(CCCCN)NC(=O)C(Cc1ccccc1)NC(=O)C(CCCCN)NC(=O)C(CCC(=O)O)NC(=O)CNC(=O)C(C(C)CC)NC(=O)C(CCCCN)NC(=O)C(CCCCN)NC(=O)C(CC(C)C)NC(=O)C(Cc1ccccc1)NC(=O)C(CC(=O)O)NC(=O)C(CCCNC(=N)N)NC(=O)C(CC(C)C)NC(=O)C(CCCNC(=N)N)NC(=O)C(CCCNC(=N)N)NC(=O)C(CC(C)C)NC(=O)C(CC(C)C)NC(=O)CN,0,G-L-L-R-R-L-R-D-F-L-K-K-I-G-E-K-F-K-K-I-G-X2576
CCC(C)C(C(=O)NC(CS)C(=O)NC(CC(C)C)C(=O)N1CCCC1C(=O)N1CCCC1C(=O)NC(CO)C(=O)NC(CO)C(=O)NC(CC(=O)O)C(=O)NC(Cc1ccccc1)C(=O)NCC(=O)NC(CCCCN)C(=O)NC(CCSC)C(=O)NC(CC(=O)O)C(=O)NC(CS)C(=O)NC(CCCNC(=N)N)C(=O)NC(Cc1c[nH]c2ccccc12)C(=O)NC(CCCCN)C(=O)NC(Cc1c[nH]c2ccccc12)C(=O)NC(CCCCN)C(=O)NC(CS)C(=O)NC(CS)C(=O)NC(CCCCN)C(=O)NC(CCCCN)C(=O)NCC(=O)NC(CO)C(=O)NC(C(C)C)C(=O)NC(CC(=O)N)C(=O)O)NC(=O)C(C(C)C)NC(=O)C(C(C)O)NC(=O)C(CCCCN)NC(=O)C1CCCN1C(=O)C(Cc1ccccc1)NC(=O)C(CS)NC(=O)C(Cc1cnc[nH]1)NC(=O)CNC(=O)C(CCC(=O)O)NC(=O)C(CCCCN)NC(=O)C(CCCCN)NC(=O)C(Cc1cnc[nH]1)NC(=O)C(CS)NC(=O)C(CCCNC(=N)N)NC(=O)C(CCCCN)NC(=O)C(Cc1ccc(cc1)O)N,0,Y-K-R-C-H-K-K-E-G-H-C-F-P-K-T-V-I-C-L-P-P-S-S-D-F-G-K-M-D-C-R-W-K-W-K-C-C-K-K-G-S-V-dN
CCC(C)C(C(=O)NC(CC(C)C)C(=O)O)NC(=O)C(Cc1c[nH]c2ccccc12)NC(=O)C1CCCN1C(=O)C(CCCN=C(N)N)NC(=O)C(CCCCN)NC(=O)C1CCCN1C(=O)C(Cc1cnc[nH]1)N,0,H-P-K-X2075-P-W-I-L
CCC(C)C(C(=O)NC(CC(=O)N)C(=O)NC(CC(C)C)C(=O)NC(CCCCN)C(=O)NC(C)C(=O)NC(C(C)CC)C(=O)NC(C)C(=O)NC(C)C(=O)NC(CC(C)C)C(=O)NC(C)C(=O)NC(CCCCN)C(=O)NC(CCCCN)C(=O)NC(CC(C)C)C(=O)NC(CC(C)C)C(=O)N)N,0,I-dN-L-K-A-I-A-A-L-A-K-K-L-L-am
CCC(C)C1C(=O)NC2CSSCC(C(=O)NC(C(=O)NCC(=O)NC(C(=O)N1)Cc1c[nH]c3ccccc13)CCCNC(=N)N)NC(=O)C(NC(=O)C(CSSCC(NC(=O)C(NC2=O)C(C)C)C(=O)NC(C(C)C)C(=O)NCC(=O)NC(CCCNC(=N)N)C(=O)N)NC(=O)C(CC(C)C)NC(=O)C(CCCNC(=N)N)NC(=O)CNC(=O)CNC(=O)C(CCCNC(=N)N)N)Cc1ccc(cc1)O,0,"R-G-G-R-L-C(20,3)-Y-C(19,3)-R-G-W-I-C(19,3)-V-C(20,3)-V-G-R-am"
CCC(C)C(C(=O)NCC(=O)NC(CC(C)C)C(=O)NC(CCCCN)C(=O)NC(C(C)O)C(=O)NC(C(C)C)C(=O)NCC(=O)NC(CCCCN)C(=O)NC(CCSC)C(=O)NC(CCSC)C(=O)NCC(=O)NCC(=O)NC(C)C(=O)N1CCCC1C(=O)NC(CCCNC(=N)N)C(=O)NC(CCC(=O)O)C(=O)NC(CCC(=O)N)C(=O)O)NC(=O)C(CCCCN)NC(=O)C(Cc1ccccc1)NC(=O)C(C)NC(=O)C(CCCCN)NC(=O)CNC(=O)C(CC(C)C)NC(=O)C(CC(C)C)NC(=O)C(CO)NC(=O)CNC(=O)C(CC(C)C)NC(=O)CN,0,G-L-G-S-L-L-G-K-A-F-K-I-G-L-K-T-V-G-K-M-M-G-G-A-P-R-E-dQ
CCC(C)C(C(=O)N1CCCC1C(=O)NC(CCC(=O)N)C(=O)N1CCCC1C(=O)NC(CCCNC(=N)N)C(=O)N1CCCC1C(=O)N1CCCC1C(=O)NC(Cc1cnc[nH]1)C(=O)N1CCCC1C(=O)NC(CCCNC(=N)N)C(=O)NC(C(C)CC)C(=O)O)NC(=O)C(Cc1ccc(cc1)O)NC(=O)C(C(C)C)NC(=O)C1CCCN1C(=O)C(CCCNC(=N)N)NC(=O)C(CC(=O)N)NC(=O)C(CC(=O)N)NC(=O)CN,0,G-dN-dN-R-P-V-Y-I-P-dQ-P-R-P-P-H-P-R-I
CC(C)CC(C(=O)NC(CO)C(=O)NC(Cc1ccccc1)C(=O)NC(CCCNC(=N)N)C(=O)NC(C)C(=O)NC(CCCNC(=N)N)C(=O)NC(C)C(=O)NC(Cc1ccc(cc1)O)C(=O)NCC(=O)NC(Cc1ccccc1)C(=O)NC(CCCNC(=N)N)C(=O)NCC(=O)N1CCCC1C(=O)NCC(=O)N1CCCC1C(=O)NC(CCC(=O)N)C(=O)NC(CC(C)C)C(=O)O)NC(=O)C(CCCCN)NC(=O)C(CCSC)NC(=O)C(CO)NC(=O)C(CO)N,0,S-S-M-K-L-S-F-R-A-R-A-Y-G-F-R-G-P-G-P-dQ-L
CC(C)CC(C(=O)NC1CSSCC(NC(=O)C(NC(=O)C2CSSCC(C(=O)NC(C(=O)NC(C(=O)NC(C(=O)NC(C(=O)N2)Cc2ccccc2)CCCNC(=N)N)CCCNC(=N)N)CCCNC(=N)N)NC(=O)C(NC1=O)Cc1ccc(cc1)O)C(C)C)C(=O)NC(C(C)C)C(=O)NCC(=O)NC(CCCNC(=N)N)C(=O)N)NC(=O)CNC(=O)CNC(=O)CNC(=O)C(CCCNC(=N)N)N,0,"R-G-G-G-L-C(19,3)-Y-C(20,3)-R-R-R-F-C(20,3)-V-C(19,3)-V-G-R-am"
CCC(C)C(C(=O)NC(CC(=O)N)C(=O)NC(CC(C)C)C(=O)NC(CCCCN)C(=O)NC(C)C(=O)NC(CC(C)C)C(=O)NC(C)C(=O)NC(C)C(=O)NC(CC(C)C)C(=O)NC(C)C(=O)NC(CCCCN)C(=O)NC(C)C(=O)NC(CC(C)C)C(=O)NC(CC(C)C)C(=O)N)N,0,I-dN-L-K-A-L-A-A-L-A-K-A-L-L-am
CCC(C)C(C(=O)NC(Cc1ccccc1)C(=O)NC(CC(=O)O)C(=O)NC(CS)C(=O)NCC(=O)NC(CCC(=O)O)C(=O)NC(C(C)O)C(=O)NC(CS)C(=O)NC(Cc1ccccc1)C(=O)NC(CC(C)C)C(=O)NCC(=O)NC(C(C)O)C(=O)NC(CS)C(=O)NC(Cc1ccc(cc1)O)C(=O)NC(C(C)O)C(=O)N1CCCC1C(=O)NCC(=O)NC(CS)C(=O)NC(CO)C(=O)NC(CS)C(=O)NCC(=O)NC(CC(=O)N)C(=O)NC(Cc1c[nH]c2ccccc12)C(=O)NCC(=O)NC(CC(C)C)C(=O)NC(CS)C(=O)NC(Cc1ccc(cc1)O)C(=O)NCC(=O)NC(C(C)O)C(=O)NC(CC(=O)N)C(=O)O)NC(=O)C(C(C)O)NC(=O)CNC(=O)CN,0,G-G-T-I-F-D-C-G-E-T-C-F-L-G-T-C-Y-T-P-G-C-S-C-G-dN-W-G-L-C-Y-G-T-dN
CCC(C)C(C(=O)NC(C)C(=O)NC(CCCCN)C(=O)NC(CCCCN)C(=O)NC(CCCCN)C(=O)NCC(=O)NC(CCCCN)C(=O)NC(CS)C(=O)NC(CCCCN)C(=O)NCC(=O)N1CCCC1C(=O)NC(CC(C)C)C(=O)NC(CCCCN)C(=O)NC(CC(C)C)C(=O)NC(C(C)C)C(=O)NC(CS)C(=O)NC(CCCCN)C(=O)NC(CS)C(=O)O)NC(=O)C(C)NC(=O)C(CS)NC(=O)C(CC(C)C)NC(=O)C(C(C)CC)NC(=O)C(CCCCN)NC(=O)C(CCCNC(=N)N)NC(=O)C1CCCN1C(=O)C(CC(C)C)NC(=O)CN,0,G-L-P-R-K-I-L-C-A-I-A-K-K-K-G-K-C-K-G-P-L-K-L-V-C-K-C
CCC(C)C(C(=O)NC(C(C)C)C(=O)NC(C(C)O)C(=O)NC(CC(=O)N)C(=O)NC(CC(C)C)C(=O)NC(CC(C)C)C(=O)NC(CO)C(=O)NCC(=O)NC(CC(C)C)C(=O)NC(CC(C)C)C(=O)O)NC(=O)C1CCCN1C(=O)C(CC(C)C)NC(=O)C(Cc1ccccc1)N,0,F-L-P-I-V-T-dN-L-L-S-G-L-L
CCC(C)C(C(=O)NCC(=O)NC(C)C(=O)NC(C(C)C)C(=O)NC(CC(C)C)C(=O)NC(CCCC[NH3+])C(=O)NC(C(C)C)C(=O)NC(CC(C)C)C(=O)NC(C(C)O)C(=O)NC(C(C)O)C(=O)NCC(=O)NC(CC(C)C)C(=O)N1CCCC1C(=O)NC(C)C(=O)NC(CC(C)C)C(=O)NC(C(C)CC)C(=O)NC(CO)C(=O)NC(Cc1c[nH]c2ccccc12)C(=O)NC(C(C)CC)C(=O)NC(CCCC[NH3+])C(=O)NC(CCCNC(=[NH2+])N)C(=O)NC(CCCC[NH3+])C(=O)NC(CCCNC(=[NH2+])N)C(=O)NC(CCC(=O)N)C(=O)NC(CCC(=O)N)C(=O)N)NC(=O)C[NH3+],0,X-I-G-A-V-L-X3024-V-L-T-T-G-L-P-A-L-I-S-W-I-X3024-X-X3024-X-dQ-dQ-am
CC(C)CC(C(=O)N)NC(=O)C(C(C)C)NC(=O)C(C)NC(=O)C(C)NC(=O)C(CC(C)C)NC(=O)C(Cc1ccc(cc1)O)NC(=O)C(CCCCN)NC(=O)C(CCCCN)NC(=O)C(C(C)C)NC(=O)C(C)NC(=O)C(CCSC)NC(=O)C(CCC(=O)N)NC(=O)C(CCCCN)NC(=O)C(CCCN=C(N)N)NC(=O)C(Cc1ccc(cc1)O)NC(=O)C(CCCN=C(N)N)NC(=O)C(CO)NC(=O)C(Cc1ccc(cc1)O)NC(=O)C(CO)NC(=O)C(CC(=O)O)N,0,D-S-Y-S-X2075-Y-X2075-K-dQ-M-A-V-K-K-Y-L-A-A-V-L-am
CCC(C)C(C(=O)NC(CCCCN)C(=O)NC(CCCCN)C(=O)NC(Cc1ccccc1)C(=O)N1CCCC1C(=O)NC(CC(=O)N)C(=O)N1CCCC1C(=O)NC(Cc1ccc(cc1)C)C(=O)NC(C(C)O)C(=O)NC(CC(C)C)C=O)NC(=O)C(CCSC)NC(=O)CNC(=O)C(CCCCN)NC(=O)C(C)NC(=O)C(CC(C)C)NC(=O)C(CCSC)N,0,M-L-A-K-G-M-I-K-K-F-P-dN-P-Phe(4-Me)-T-X39
CC(C(=O)NC(CC(=O)O)C(=O)NC(CC(=O)N)C(=O)NC(Cc1ccc(cc1)O)C=O)NC(=O)C(CO)NC(=O)C(CCCCN)NC(=O)C(CCSC)NC(=O)C(CC(=O)N)NC(=O)C(CC(=O)N)NC(=O)C(CCSC)N,0,M-dN-dN-M-K-S-A-D-dN-X2576
CCC(C)C(C(=O)NCC(=O)NC(CCCCN)C(=O)NC(Cc1ccccc1)C(=O)NC(CC(C)C)C(=O)NC(CCCCN)C(=O)NC(CCCCN)C(=O)NC(C)C(=O)NC(CCCCN)C(=O)NC(CCCCN)C(=O)NC(Cc1ccccc1)C(=O)NCC(=O)NC(CCCCN)C(=O)NC(C)C(=O)NC(Cc1ccccc1)C(=O)NC(C(C)C)C(=O)NC(CCCCN)C(=O)NC(C(C)CC)C(=O)NC(CC(C)C)C(=O)NC(CCCCN)C(=O)NC(CCCCN)C(=O)N)NC(=O)CN,0,G-I-G-K-F-L-K-K-A-K-K-F-G-K-A-F-V-K-I-L-K-K-am
CCCCC(C(=O)NC(CCC(=O)O)C(=O)NC(Cc1cnc[nH]1)C(=O)NC(Cc1ccccc1)C(=O)NC(CCCN=C(N)N)C(=O)NC(Cc1c[nH]c2ccccc12)C(=O)NCC(=O)NC(CCCCN)C(=O)N1CCCC1C(=O)NC(C(C)C)C(=O)O)NC(=O)C(CO)NC(=O)C(Cc1ccc(cc1)O)NC(=O)C(CO)NC(=O)C,0,ac-S-Y-S-Aca-E-H-F-X2075-W-G-K-P-V
CCC(C)C(C(=O)NC(CC(=O)N)C(=O)NC(Cc1c[nH]c2ccccc12)C(=O)NC(CC(C)C)C(=O)NC(CCCCN)C(=O)NC(CC(C)C)C(=O)NCC(=O)NC(CCCCN)C(=O)NC(CCCCN)C(=O)NC(C(C)CC)C(=O)NC(CC(C)C)C(=O)NCC(=O)NC(C)C(=O)NC(C(C)CC)C(=O)N)N,0,I-dN-W-L-K-L-G-K-K-I-L-G-A-I-am
CCC(C)C(C(=O)NCC(=O)NC(CCCCN)C(=O)NCC(=O)NC(C(C)C)C(=O)NC(CCCCN)C(=O)NC(C(C)CC)C(=O)NC(C(C)CC)C(=O)NCC(=O)NCC(=O)NC(C)C(=O)NC(C)C(=O)NC(CC(C)C)C(=O)NC(CC(=O)O)C(=O)NC(Cc1cnc[nH]1)C(=O)NC(CC(C)C)C(=O)N)NC(=O)C(CCCNC(=N)N)NC(=O)C(CCCNC(=N)N)NC(=O)C(CC(C)C)NC(=O)C(Cc1c[nH]c2ccccc12)N,0,W-L-R-R-I-G-K-G-V-K-I-I-G-G-A-A-L-D-H-L-am
CCC(C)C(C(=O)NC(CS)C(=O)NC(CCCN=C(N)N)C(=O)NC(CS)C(=O)NC(C(C)CC)C(=O)NC(CS)C(=O)NCC(=O)NC(CCCCN)C(=O)NCC(=O)NC(C(C)CC)C(=O)NC(CS)C(=O)NC(CCCN=C(N)N)C(=O)NC(CS)C(=O)NC(C(C)CC)C(=O)NC(CS)C(=O)NCC(=O)NC(CCCN=C(N)N)C(=O)O)NC(=O)CN,0,G-I-C-X2075-C-I-C-G-K-G-I-C-X2075-C-I-C-G-X2075
CCC(C)C(C(=O)NCC(=O)NCC(=O)NC(CC(C)C)C(=O)N)NC(=O)C(C(C)C)NC(=O)C(CO)NC(=O)C(C)NC(=O)C(C(C)C)NC(=O)C(CCCCN)NC(=O)C(CCCCN)NC(=O)C(C(C)CC)NC(=O)C(C(C)C)NC(=O)C(CC(=O)O)NC(=O)C(Cc1ccccc1)NC(=O)C(CC(C)C)NC(=O)CN,0,G-L-F-D-V-I-K-K-V-A-S-V-I-G-G-L-am
CCC(C)C(C(=O)NCC(=O)NC(CCCCN)C(=O)NC(CCC(=O)O)C(=O)NC(Cc1ccccc1)C(=O)NC(CCCCN)C(=O)NC(CCCN=C(N)N)C(=O)NC(C(C)CC)C(=O)NC(C(C)C)C(=O)NC(CCC(=O)N)C(=O)NC(CCCN=C(N)N)C(=O)NC(C(C)CC)C(=O)NC(CCCCN)C(=O)NC(CC(=O)O)C(=O)NC(Cc1ccccc1)C(=O)NC(CC(C)C)C(=O)NC(CCCN=C(N)N)C(=O)NC(CC(=O)N)C(=O)NC(CC(C)C)C(=O)NC(C(C)C)C(=O)N1CCCC1C(=O)NC(CCCN=C(N)N)C(=O)NC(C(C)O)C(=O)NC(CCC(=O)O)C(=O)NC(CO)C(=O)O)NC(=O)C(CCCCN)NC(=O)C(CCC(=O)O)NC(=O)C(CCCCN)NC(=O)C(CO)NC(=O)C(CCCCN)NC(=O)C(CCCN=C(N)N)NC(=O)C(Cc1ccccc1)NC(=O)C(Cc1ccccc1)NC(=O)C(CC(=O)O)NC(=O)CNC(=O)C(CC(C)C)NC(=O)C(CC(C)C)N,0,L-L-G-D-F-F-X2075-K-S-K-E-K-I-G-K-E-F-K-X2075-I-V-dQ-X2075-I-K-D-F-L-X2075-dN-L-V-P-X2075-T-E-S
CCC(C)C(C(=O)NCC(=O)NC(CCCCN)C(=O)NC(Cc1ccccc1)C(=O)NC(CC(C)C)C(=O)NC(Cc1cnc[nH]1)C(=O)NC(CO)C(=O)NC(C)C(=O)NC(CCCCN)C(=O)NC(CCCCN)C(=O)NC(Cc1ccccc1)C(=O)NC(C)C(=O)NC(CCCCN)C(=O)NC(C)C(=O)NC(Cc1ccccc1)C(=O)NC(C(C)C)C(=O)NC(C)C(=O)NC(CCC(=O)O)C(=O)NC(C(C)CC)C(=O)NC(CCSC)C(=O)NC(CC(=O)N)C(=O)NC(CO)C(=O)N)NC(=O)CN,0,G-I-G-K-F-L-H-S-A-K-K-F-A-K-A-F-V-A-E-I-M-dN-S-am
CC(C)C(C(=O)N)NC(=O)C1CCCN1C(=O)C(CCCCN)NC(=O)CNC(=O)C(Cc1c[nH]c2ccccc12)NC(=O)C(CCCNC(=N)N)NC(=O)C(Cc1ccccc1)NC(=O)C(Cc1cnc[nH]1)NC(=O)C(CCC(=O)O)NC(=O)C(CCSC)NC(=O)C(CO)NC(=O)C(Cc1cc(c(c(c1)I)O)I)NC(=O)C(CO)NC(=O)C,0,ac-S-X1998-S-M-E-H-F-R-W-G-K-P-V-am
CCCCC(C(=O)NC(CCC(=O)O)C(=O)NC(Cc1cnc[nH]1)C(=O)NC(Cc1ccccc1)C(=O)NC(CCCNC(=N)N)C(=O)NC(Cc1c[nH]c2ccccc12)C(=O)NCC(=O)NC(CCCCN)C(=O)N1CCCC1C(=O)NC(C(C)C)C(=O)N)NC(=O)C(CO)NC(=O)C(Cc1ccc(cc1)O)NC(=O)C(CO)NC(=O)CCCCCCCCCCCNC(=O)CCCCC1C2C(CS1)NC(=O)N2,0,X-X-S-Y-S-Aca-E-H-F-R-W-G-K-P-V-am
CCC(C)C(C(=O)NCC(=O)NC(Cc1cnc[nH]1)C(=O)NC(C)C(=O)NC(C)C(=O)NC(C(C)C)C(=O)NC(CC(=O)N)C(=O)NC(Cc1cnc[nH]1)C(=O)NC(Cc1ccc(cc1)O)C(=O)NC(CC(C)C)C(=O)C)NC(=O)C(Cc1cnc[nH]1)NC(=O)C(CCCCN)NC(=O)C(C)NC(=O)C(C)NC(=O)C(Cc1cnc[nH]1)NC(=O)C(CCCNC(=N)N)NC(=O)CNC(=O)C(Cc1cnc[nH]1)NC(=O)C(CCCCN)NC(=O)C(Cc1ccccc1)NC(=O)C(C(C)CC)NC(=O)C(CO)NC(=O)CNC(=O)C(Cc1c[nH]c2ccccc12)NC(=O)CN,0,G-W-G-S-I-F-K-H-G-R-H-A-A-K-H-I-G-H-A-A-V-dN-H-Y-L
CC(C)CC(C(=O)N)NC(=O)C(C(C)C)NC(=O)C(C)NC(=O)C(C)NC(=O)C(CC(C)C)NC(=O)C(Cc1ccc(cc1)O)NC(=O)C(CCCCN)NC(=O)C(CCCCN)NC(=O)C(C(C)C)NC(=O)C(C)NC(=O)C(CCSC)NC(=O)C(CCC(=O)N)NC(=O)C(CCCCN)NC(=O)C(CCCN=C(N)N)NC(=O)C(Cc1ccc(cc1)O)NC(=O)C(CCCN=C(N)N)NC(=O)C(CO)N,0,S-X2075-Y-X2075-K-dQ-M-A-V-K-K-Y-L-A-A-V-L-am
CC(C)C1C(=O)NC2CSSCC(C(=O)NC(C(=O)NC(C(=O)NC(C(=O)NC(CSSCC(C(=O)NC(C(=O)NC(C(=O)N1)CCCNC(=N)N)Cc1ccccc1)NC(=O)C(Cc1c[nH]c3ccccc13)NC(=O)C(CCCNC(=N)N)NC(=O)C(CCCNC(=N)N)N)C(=O)NC(CCCNC(=N)N)C(=O)N)CCCCN)CCCNC(=N)N)Cc1ccc(cc1)O)NC(=O)C(NC(=O)CNC(=O)C(NC(=O)C(NC2=O)Cc1ccc(cc1)O)CCCCN)Cc1ccccc1,0,"R-R-W-C(20,3)-F-R-V-C(19,3)-Y-K-G-F-C(19,3)-Y-R-K-C(20,3)-R-am"
CC(C(=O)NC(C)C(=O)NCC(=O)NC(CCSC)C(=O)NCC(=O)NC(Cc1ccccc1)C(=O)NC(Cc1ccccc1)C(=O)NCC(=O)NC(C)C(=O)NC(CCCN=C(N)N)C(=O)N)N,0,A-A-G-M-G-F-F-G-A-X2075-am
CCC(C)C1C(=O)NC(C(=O)NCC(=O)NC(C(=O)NC(C(=O)NC(C(=O)NC(C(=O)NCC(=O)NC(C(=O)NC2CSSCC3C(=O)NC(C(=O)NC(C(=O)N4CCCC4C(=O)NC(C(=O)NC(CSSCC(C(=O)NC(CSSCC(C(=O)NC(C(=O)N3)Cc3ccc(cc3)O)NC(=O)C(CCCNC(=N)N)NC(=O)C(CCCNC(=N)N)N)C(=O)NC(CCCNC(=N)N)C(=O)NC(CCCNC(=N)N)C(=O)O)NC(=O)C(NC(=O)C(NC(=O)C(NC(=O)C(NC(=O)C(NC(=O)CNC(=O)C(NC(=O)C(NC(=O)C(NC2=O)C(C)CC)Cc2ccc(cc2)O)CCC(=O)N)CCCNC(=N)N)CC(C)C)Cc2c[nH]c3ccccc23)C)Cc2ccccc2)C(=O)N1)C)C(C)CC)CCCNC(=N)N)C(C)O)Cc1ccc(cc1)O)CCCNC(=N)N)CCCNC(=N)N)CCC(=O)O)C,0,"R-R-C(35,3)-Y-C(33,3)-R-I-P-A-C(34,3)-I-A-G-E-R-R-Y-G-T-C(33,3)-I-Y-dQ-G-R-L-W-A-F-C(34,3)-C(35,3)-R-R"
CCC(C)C(C(=O)NC(CCCCN)C(=O)NC(CC(=O)O)C(=O)NC(Cc1ccccc1)C(=O)NC(CC(C)C)C(=O)NC(CCCNC(=N)N)C(=O)NC(CC(=O)N)C(=O)NC(CC(C)C)C(=O)NC(C(C)C)C(=O)N)NC(=O)C(CCCNC(=N)N)NC(=O)C(CCC(=O)N)NC(=O)C(C(C)C)NC(=O)C(C(C)CC)NC(=O)C(CCCNC(=N)N)NC(=O)C(CCCCN)NC(=O)C(Cc1ccccc1)NC(=O)CN,0,G-F-K-R-I-V-dQ-R-I-K-D-F-L-R-dN-L-V-am
CCC(C)C(C(=O)NC(CC(C)C)C(=O)NC(CO)C(=O)NC(CCCCN)C(=O)NC(CC(C)C)C(=O)NCC(=O)NC(CCCCN)C(=O)NC(C)C(=O)NC(CC(C)C)C(=O)NC(CCCCN)C(=O)NC(CCCCN)C(=O)NC(C)C(=O)NC(C)C(=O)NC(CCCCN)C(=O)NC(Cc1cnc[nH]1)C(=O)NC(C)C(=O)NC(C)C(=O)NC(CCCCN)C(=O)NC(C)C=O)NC(=O)CN,0,G-I-L-S-K-L-G-K-A-L-K-K-A-A-K-H-A-A-K-X249
CCC(C)C(C(=O)NC(CCSC)C(=O)NC(CC(=O)N)C(=O)NC(CO)C(=O)O)NC(=O)C(CCC(=O)O)NC(=O)CNC(=O)C(C(C)C)NC(=O)C(Cc1ccccc1)NC(=O)C(C)NC(=O)C(CCCCN)NC(=O)CNC(=O)C(Cc1ccccc1)NC(=O)C(CCCCN)NC(=O)C(CCCCN)NC(=O)C(C)NC(=O)C(CO)NC(=O)C(Cc1cnc[nH]1)NC(=O)C(CC(C)C)NC(=O)C(Cc1ccccc1)N,0,F-L-H-S-A-K-K-F-G-K-A-F-V-G-E-I-M-dN-S
CC(C(=O)NC(CCCCN)C(=O)NC(CCCNC(=N)N)C(=O)NC(Cc1cnc[nH]1)C(=O)NC(Cc1cnc[nH]1)C(=O)NCC(=O)NC(Cc1ccc(cc1)O)C(=O)NC(CCCCN)C(=O)NC(CCCNC(=N)N)C(=O)NC(CCCCN)C(=O)NC(Cc1ccccc1)C(=O)NC(Cc1cnc[nH]1)C(=O)NC(CCC(=O)O)C(=O)NC(CCCCN)C(=O)NC(Cc1cnc[nH]1)C(=O)NC(Cc1cnc[nH]1)C(=O)NC(CO)C(=O)NC(Cc1cnc[nH]1)C(=O)NC(CCCNC(=N)N)C(=O)NCC(=O)NC(Cc1ccc(cc1)O)C(=O)O)NC(=O)C(Cc1cnc[nH]1)NC(=O)C(CO)NC(=O)C(CC(=O)O)N,0,D-S-H-A-K-R-H-H-G-Y-K-R-K-F-H-E-K-H-H-S-H-R-G-Y
CCC(C)C(C(=O)NC(CC(C)C)C(=O)N)NC(=O)CNC(=O)C(CC(=O)N)NC(=O)C(CC(C)C)NC(=O)C(C(C)CC)NC(=O)C(CCCN=C(N)N)NC(=O)CNC(=O)C(C(C)CC)NC(=O)C(C(C)C)NC(=O)C1CCCN1C(=O)C(Cc1ccccc1)NC(=O)C(Cc1ccccc1)N,0,F-F-P-V-I-G-X2075-I-L-dN-G-I-L-am
CCC(C)C(C(=O)NC(C(C)CC)C(=O)NC(CCCCN)C(=O)NC(C)C(=O)NCC(=O)O)NC(=O)CNC(=O)C(CC(=O)O)NC(=O)C(CCCNC(=N)N)NC(=O)C(C(C)CC)NC(=O)C(CC(=O)N)NC(=O)C(CCC(=O)N)NC(=O)CNC(=O)C(C(C)C)NC(=O)C(CCCCN)NC(=O)C(CCC(=O)O)NC(=O)C(C(C)CC)NC(=O)C(CCCCN)NC(=O)C(CCCCN)NC(=O)C(Cc1ccccc1)NC(=O)C(CC(C)C)NC(=O)C(CCCCN)NC(=O)C(Cc1c[nH]c2ccccc12)NC(=O)C(CCCCN)NC(=O)C(C(C)O)N,0,T-K-W-K-L-F-K-K-I-E-K-V-G-dQ-dN-I-R-D-G-I-I-K-A-G
CCC(C)C(C(=O)NC(Cc1ccccc1)C(=O)NC(C(C)O)C(=O)NC(CC(=O)O)C(=O)NC(CO)C(=O)NC(Cc1ccc(cc1)O)C(=O)NC(CO)C(=O)NC(CCCN=C(N)N)C(=O)NC(Cc1ccc(cc1)O)C(=O)NC(CCCN=C(N)N)C(=O)NC(CCCCN)C(=O)NC(CCC(=O)N)C(=O)NC(CCSC)C(=O)NC(C)C(=O)NC(C(C)C)C(=O)NC(CCCCN)C(=O)NC(CCCCN)C(=O)NC(Cc1ccc(cc1)O)C(=O)NC(CC(C)C)C(=O)NC(C)C(=O)NC(C)C(=O)NC(C(C)C)C(=O)NC(CC(C)C)C(=O)N)NC(=O)CNC(=O)C(CCC(=O)O)NC(=O)C(CO)NC(=O)C(Cc1cnc[nH]1)NC(=O)C,0,ac-H-S-E-G-I-F-T-D-S-Y-S-X2075-Y-X2075-K-dQ-M-A-V-K-K-Y-L-A-A-V-L-am
CCC(C)C(C(=O)NC(CC(C)C)C(=O)NCC(=O)N1CCCC1C(=O)NC(C(C)C)C(=O)NC(CC(C)C)C(=O)NCC(=O)NC(CC(C)C)C(=O)NC(C(C)C)C(=O)NC(CO)C(=O)NC(CC(=O)O)C(=O)NC(C(C)O)C(=O)NC(CC(C)C)C(=O)NC(CC(=O)O)C(=O)NC(CC(=O)O)C(=O)NC(C(C)C)C(=O)NC(CC(C)C)C(=O)NCC(=O)NC(C(C)CC)C(=O)NC(CC(C)C)C(=O)O)N,0,I-L-G-P-V-L-G-L-V-S-D-T-L-D-D-V-L-G-I-L
CCC(C)C(C(=O)NC(Cc1cnc[nH]1)C(=O)NCC(=O)NC(CC(C)C)C(=O)NC(C(C)C)C(=O)N)NC(=O)C(CCSC)NC(=O)C(CCCCN)NC(=O)CNC(=O)C(C)NC(=O)C(Cc1cnc[nH]1)NC(=O)C(Cc1ccccc1)NC(=O)C(CC(C)C)NC(=O)CNC(=O)C(CCCCN)NC(=O)C(C(C)CC)NC(=O)C(C(C)CC)NC(=O)C(Cc1cnc[nH]1)NC(=O)C(Cc1ccccc1)NC(=O)C(C(C)CC)NC(=O)C(Cc1ccccc1)NC(=O)CN,0,G-F-I-F-H-I-I-K-G-L-F-H-A-G-K-M-I-H-G-L-V-am
CCC(C)C(C(=O)NC(Cc1ccccc1)C(=O)NC(CCCCN)C(=O)NC(C)C(=O)NC(C(C)CC)C(=O)NC(Cc1c[nH]c2ccccc12)C(=O)NC(CO)C(=O)NCC(=O)NC(C(C)CC)C(=O)NC(CCCCN)C(=O)NC(CO)C(=O)NC(CC(C)C)C(=O)NC(Cc1ccccc1)C(=O)O)N,0,I-F-K-A-I-W-S-G-I-K-S-L-F
CCC(C)C(C(=O)NC(C(C)C)C(=O)NCC=O)NC(=O)CNC(=O)C(C)NC(=O)CNC(=O)C(CS)NC(=O)C(Cc1cnc[nH]1)NC(=O)C(C(C)C)NC(=O)C(Cc1c[nH]c2ccccc12)NC(=O)C(CCCNC(=N)N)NC(=O)C(CC(=O)N)NC(=O)CNC(=O)C(CO)NC(=O)CNC(=O)CNC(=O)C(Cc1ccc(cc1)O)NC(=O)CNC(=O)C(CC(=O)N)NC(=O)C(CCCCN)N,0,K-dN-G-Y-G-G-S-G-dN-R-W-V-H-C-G-A-G-I-V-X117
CCC(C)CC(C)CCCCCC(CC(=O)NC(CCC(=O)O)C(=O)NC(CC(C)C)C(=O)NC(CC(C)C)C(=O)NC(C(C)C)C(=O)NC(CC(=O)O)C(=O)NC(CC(C)C)C(=O)NC(CC(C)C)C(=O)O)O,0,X-E-L-L-V-D-L-L
CCC(C)C(C(=O)NCC(=O)NC(CCCCN)C(=O)NC(Cc1ccccc1)C(=O)NC(CC(C)C)C(=O)NC(Cc1c[nH]cn1)C(=O)NC(CO)C(=O)NC(C)C(=O)NC(CCCCN)C(=O)NC(CCCCN)C(=O)NC(Cc1ccccc1)C(=O)NCC(=O)NC(CCCCN)C(=O)NC(C)C(=O)NC(Cc1ccccc1)C(=O)NC(C(C)C)C(=O)NCC(=O)NC(CCC(=O)O)C(=O)NC(C(C)CC)C(=O)NC(CCSC)C(=O)NC(CC(=O)N)C(=O)NC(CO)C(=O)O)N,0,I-G-K-F-L-H-S-A-K-K-F-G-K-A-F-V-G-E-I-M-dN-S
CCC(C)C(C(=O)NC(C(C)CC)C(=O)NC(C(C)CC)C(=O)NCC(=O)NCC(=O)NC(C)C(=O)NC(CC(C)C)C(=O)NC(CC(=O)O)C(=O)NC(Cc1cnc[nH]1)C(=O)NC(CC(C)C)C(=O)C)NC(=O)CNC(=O)CNC(=O)C(C)NC(=O)C(CCCCN)NC(=O)CNC(=O)C(C(C)CC)NC(=O)C(CCCNC(=N)N)NC(=O)C(CCC(=O)O)NC(=O)C(CC(C)C)NC(=O)C(Cc1c[nH]c2ccccc12)NC(=O)C(CCCNC(=N)N)NC(=O)CNC(=O)C(CCCCN)NC(=O)CN,0,G-K-G-R-W-L-E-R-I-G-K-A-G-G-I-I-I-G-G-A-L-D-H-L
CC(C)CC(C(=O)NC(CC(C)C)C(=O)NC(Cc1ccccc1)C(=O)NC(Cc1cnc[nH]1)C(=O)NCC(=O)NC(C(C)C)C(=O)NC(Cc1cnc[nH]1)C(=O)NC(Cc1cnc[nH]1)C(=O)NCC(=O)NCC(=O)NCC(=O)NC(Cc1ccc(cc1)O)C(=O)NC(CC(C)C)C(=O)NC(CC(=O)N)C(=O)NC(C)C(=O)NC(C)C(=O)C)NC(=O)C(CCCNC(=N)N)NC(=O)C(Cc1ccccc1)NC(=O)C(Cc1ccccc1)N,0,F-F-R-L-L-F-H-G-V-H-H-G-G-G-Y-L-dN-A-A
CCC(C)C(C(=O)NC(CC(C)C)C(=O)NC(CCCNC(=N)N)C(=O)NCC(=O)NC(C(C)C)C(=O)NC(CO)C(=O)NC(CCCNC(=N)N)C(=O)NC(CCCNC(=N)N)C(=O)NC(C(C)CC)C(=O)NC(CCSC)C(=O)NC(CCCNC(=N)N)C(=O)NC(CCCNC(=N)N)C(=O)NC(C(C)CC)C(=O)NC(CC(C)C)C(=O)NC(C(C)O)C(=O)NCC(=O)NC(CCCNC(=N)N)C(=O)NC(CCCNC(=N)N)C(=O)N)NC(=O)C(CCCNC(=N)N)N,0,R-I-L-R-G-V-S-R-R-I-M-R-R-I-L-T-G-R-R-am
CCCCC(C(=O)NC(CCC(=O)O)C(=O)NC(Cc1cnc[nH]1)C(=O)NC(Cc1ccccc1)C(=O)NC(CCCN=C(N)N)C(=O)NC(Cc1c[nH]c2ccccc12)C(=O)NCC(=O)NC(CCCCN)C(=O)N1CCCC1C(=O)NC(C(C)C)C(=O)O)NC(=O)C(CO)NC(=O)C(Cc1ccc(cc1)O)NC(=O)C(CO)NC(=O)C,0,ac-S-Y-S-Aca-E-H-F-X2075-W-G-K-P-V
CCC(C)C(C(=O)NC(C)C(=O)NC(CO)C(=O)NC(CCCCN)C(=O)NC(CCCCN)C(=O)NC(CO)C(=O)NC(CCCCN)C(=O)NC(CC(C)C)C(=O)NC(CC(C)C)C(=O)N)NC(=O)C(CC(C)C)NC(=O)C1CCCN1C(=O)C(CC(C)C)NC(=O)C(Cc1ccccc1)N,0,F-L-P-L-I-A-S-K-K-S-K-L-L-am
CC(C)CC(C(=O)NC1CSSCC(NC(=O)C(NC(=O)C2CSSCC(C(=O)NC(C(=O)NC(C(=O)NC(C(=O)NC(C(=O)N2)Cc2ccccc2)CCCNC(=N)N)CCCNC(=N)N)CCCNC(=N)N)NC(=O)C(NC1=O)Cc1ccc(cc1)O)C(C)C)C(=O)NC(C(C)C)C(=O)NCC(=O)NC(CCCNC(=N)N)C(=O)N)NC(=O)C(CCCNC(=N)N)NC(=O)CNC(=O)CNC(=O)C(CCCNC(=N)N)N,0,"R-G-G-R-L-C(19,3)-Y-C(20,3)-R-R-R-F-C(20,3)-V-C(19,3)-V-G-R-am"
CC(C)CC(C(=O)N)NC(=O)C(C(C)C)NC(=O)C(C)NC(=O)C(C)NC(=O)C(CC(C)C)NC(=O)C(Cc1ccc(cc1)O)NC(=O)C(CCCCN)NC(=O)C(CCCCN)NC(=O)C(C(C)C)NC(=O)C(C)NC(=O)C(CCSC)NC(=O)C(CCC(=O)N)NC(=O)C(CCCCN)NC(=O)C(CCCN=C(N)N)NC(=O)C(Cc1ccc(cc1)O)NC(=O)C(CCCN=C(N)N)NC(=O)C(CO)NC(=O)C(Cc1ccc(cc1)O)NC(=O)C(CO)N,0,S-Y-S-X2075-Y-X2075-K-dQ-M-A-V-K-K-Y-L-A-A-V-L-am
CC(C)CC(C(=O)NC(C)C(=O)NC(CCCCN)C(=O)NC(CC(C)C)C(=O)NC(C)C(=O)NC(CCCCN)C(=O)NC(CCCCN)C(=O)NC(CC(C)C)C(=O)NC(C)C(=O)NC(CCCCN)C(=O)NC(CC(C)C)C(=O)NC(C)C(=O)NC(CCCCN)C(=O)N)NC(=O)C(CCCCN)N,0,K-L-A-K-L-A-K-K-L-A-K-L-A-K-am
CCC(C)C(C(=O)NC(CO)C(=O)NC(CCCCN)C(=O)NC(CCC(=O)N)C(=O)NC(CS)C(=O)O)NC(=O)C(CCCCN)NC(=O)C(CS)NC(=O)C(C)NC(=O)C(C(C)C)NC(=O)C(CC(C)C)NC(=O)C(CC(=O)N)NC(=O)C(C(C)C)NC(=O)CNC(=O)C(CC(C)C)NC(=O)C(CCCNC(=N)N)NC(=O)C(C)NC(=O)C(CC(C)C)NC(=O)C(CC(=O)O)NC(=O)C(CCCCN)NC(=O)CNC(=O)C(CC(C)C)NC(=O)CNC(=O)C(CCCCN)NC(=O)C(CO)NC(=O)C(C)NC(=O)C(Cc1ccccc1)NC(=O)C(CCCCN)NC(=O)C(C)NC(=O)C(C(C)C)NC(=O)CNC(=O)C(CCCNC(=N)N)NC(=O)C(Cc1ccccc1)NC(=O)C(C(C)CC)NC(=O)C(CO)NC(=O)C(CO)NC(=O)C(Cc1ccccc1)NC(=O)CN,0,G-F-S-S-I-F-R-G-V-A-K-F-A-S-K-G-L-G-K-D-L-A-R-L-G-V-dN-L-V-A-C-K-I-S-K-dQ-C
CCC(C)C(C(=O)N1CCCC1C(=O)N1CCCC1C(=O)NCC(=O)NC(Cc1ccccc1)C(=O)N1CCCC1C(=O)N1CCCC1C(=O)NC(CCCNC(=N)N)C(=O)NC(Cc1ccccc1)C(=O)N1CCCC1C(=O)N1CCCC1C(=O)NC(CCCNC(=N)N)C(=O)NC(Cc1ccccc1)C(=O)N1CCCC1C(=O)O)NC(=O)C(CCCNC(=N)N)NC(=O)C1CCCN1C(=O)C1CCCN1C(=O)C(CC(C)C)NC(=O)C(CCCNC(=N)N)NC(=O)C1CCCN1C(=O)C1CCCN1C(=O)C(Cc1ccccc1)NC(=O)C(Cc1ccccc1)NC(=O)C1CCCN1C(=O)C1CCCN1C(=O)C1CCCN1C(=O)C(CCCNC(=N)N)NC(=O)C1CCCN1C(=O)C(CCCNC(=N)N)NC(=O)C1CCCN1C(=O)C(CC(C)C)NC(=O)C(Cc1ccc(cc1)O)NC(=O)C1CCCN1C(=O)C1CCCN1C(=O)C(CCCNC(=N)N)NC(=O)C1CCCN1C(=O)C(CCCNC(=N)N)NC(=O)C(CCCNC(=N)N)NC(=O)C(CCCNC(=N)N)N,0,R-R-R-P-R-P-P-Y-L-P-R-P-R-P-P-P-F-F-P-P-R-L-P-P-R-I-P-P-G-F-P-P-R-F-P-P-R-F-P
CCC(C)C(C(=O)NC(CC(C)C)C(=O)NC(C(C)C)C(=O)NC(CCCN=C(N)N)C(=O)NC(C(C)CC)C(=O)NC(CCCCN)C(=O)N)NC(=O)C(C)NC(=O)C1CCCN1C(=O)C(CCCN=C(N)N)NC(=O)C(CC(C)C)N,0,L-X2075-P-A-I-L-V-X2075-I-K-am
CCC(C)C(C(=O)NC(C)C(=O)NC(CO)C(=O)NC(CCSC)C(=O)NC(CC(C)C)C(=O)NCC(=O)NC(CCCCN)C(=O)NC(Cc1ccccc1)C(=O)NC(CC(C)C)C(=O)N)NC(=O)C(C)NC(=O)C(CO)NC(=O)C(C(C)CC)NC(=O)C(Cc1ccccc1)N,0,F-I-S-A-I-A-S-M-L-G-K-F-L-am
CCC(C)C(C(=O)NC(C)C(=O)NC(Cc1cnc[nH]1)C(=O)NCC(=O)NC(C(C)C)C(=O)NC(CCCCN)C(=O)NC(CCCCN)C(=O)NC(Cc1ccc(cc1)O)C(=O)NCC(=O)N1CCCC1C(=O)NC(C(C)O)C(=O)NC(C(C)C)C(=O)NC(CC(C)C)C(=O)NC(CCCNC(=N)N)C(=O)NC(C(C)CC)C(=O)NC(C(C)CC)C(=O)NC(CCCNC(=N)N)C(=O)NC(C(C)CC)C(=O)NC(C)C(=O)N)NC(=O)C(CCCCN)NC(=O)C(CCCNC(=N)N)NC(=O)CNC(=O)C(CC(C)C)NC(=O)C(CCCNC(=N)N)NC(=O)C(CCCNC(=N)N)NC(=O)C(CC(C)C)NC(=O)CNC(=O)C(CCCNC(=N)N)N,0,R-G-L-R-R-L-G-R-K-I-A-H-G-V-K-K-Y-G-P-T-V-L-R-I-I-R-I-A-am
CC(C)C(C(=O)NC(Cc1cnc[nH]1)C(=O)NC(CS)C(=O)NC(CC(=O)N)C(=O)N)NC(=O)CNC(=O)C(CC(=O)N)NC(=O)CNC(=O)C(Cc1ccc(cc1)O)NC(=O)C(CO)NC(=O)C(C(C)O)N,0,T-S-Y-G-dN-G-V-H-C-dN-am
CCC(C)C(C(=O)N1CCCC1C(=O)NC(CS)C(=O)NC(C)C(=O)NC(CCC(=O)O)C(=O)NC(CO)C(=O)NC(CS)C(=O)NC(C(C)C)C(=O)NC(Cc1c[nH]c2ccccc12)C(=O)NC(C(C)CC)C(=O)N1CCCC1C(=O)NC(CS)C(=O)NC(C(C)O)C(=O)NC(C(C)C)C(=O)NC(C(C)O)C(=O)NC(C)C(=O)NC(CC(C)C)C(=O)NC(C(C)C)C(=O)NCC(=O)NC(CS)C(=O)NC(CO)C(=O)NC(CS)C(=O)NC(CO)C(=O)NC(CC(=O)O)C(=O)NC(CCCCN)C(=O)NC(C(C)C)C(=O)NC(CS)C(=O)NC(Cc1ccc(cc1)O)C(=O)NC(CC(=O)N)C(=O)O)NC(=O)CN,0,G-I-P-C-A-E-S-C-V-W-I-P-C-T-V-T-A-L-V-G-C-S-C-S-D-K-V-C-Y-dN
CCC(C)C(C(=O)NC(CS)C(=O)NC(C(C)O)C(=O)N1CCCC1C(=O)NC(C(C)CC)C(=O)N1CCCC1C(=O)NC(Cc1ccccc1)C(=O)N1CCCC1C(=O)NC(CCSC)C(=O)NC(CS)C(=O)NC(Cc1ccc(cc1)O)C(=O)O)NC(=O)C(CCCN=C(N)N)N,0,X2075-I-C-T-P-I-P-F-P-M-C-Y
CCC(C)C(C(=O)NC(CCCCN)C(=O)NC(CC(C)C)C(=O)NC(C(C)CC)C(=O)NC(CC(=O)N)C(=O)NC(CC(=O)N)C(=O)NC(Cc1cnc[nH]1)C(=O)NC(C(C)C)C(=O)NC(CCC(=O)N)C(=O)O)NC(=O)C(C)NC(=O)C(CCC(=O)O)NC(=O)C(Cc1cnc[nH]1)NC(=O)C(CC(C)C)NC(=O)CNC(=O)C(CCC(=O)N)NC(=O)C(Cc1ccccc1)NC(=O)C(C(C)C)NC(=O)C(CCCCN)NC(=O)C(CCCCN)NC(=O)C(CC(C)C)NC(=O)C(C(C)O)NC(=O)C(CC(=O)N)NC(=O)C(CC(C)C)NC(=O)CN,0,G-L-dN-T-L-K-K-V-F-dQ-G-L-H-E-A-I-K-L-I-dN-dN-H-V-dQ
CC(C)CC(C(=O)C)NC(=O)C(Cc1ccc(cc1)O)NC(=O)C(Cc1cnc[nH]1)NC(=O)C(CC(=O)O)NC(=O)C(C(C)C)NC(=O)C(C)NC(=O)C(CC(C)C)NC(=O)CNC(=O)CNC(=O)C(C(C)C)NC(=O)C(C(C)O)NC(=O)C(CCCCN)NC(=O)CNC(=O)C(C(C)C)NC(=O)C(CCCCN)NC(=O)C(CCCCN)NC(=O)C(C)NC(=O)C(CCCNC(=N)N)NC(=O)C(CC(=O)N)NC(=O)C(Cc1ccccc1)NC(=O)C(Cc1c[nH]c2ccccc12)NC(=O)C(CCCCN)NC(=O)C(CCCCN)NC(=O)C(Cc1c[nH]c2ccccc12)NC(=O)CN,0,G-W-K-K-W-F-dN-R-A-K-K-V-G-K-T-V-G-G-L-A-V-D-H-Y-L
CCC(C)C(C(=O)NC(Cc1ccccc1)C(=O)NCC(=O)NC(C)C(=O)NC(C(C)CC)C(=O)NC(C)C(=O)NCC(=O)NC(CC(C)C)C(=O)NC(CC(C)C)C(=O)NC(CCCCN)C(=O)NC(CC(=O)N)C(=O)NC(C(C)CC)C(=O)NC(Cc1ccccc1)C(=O)N)N,0,I-F-G-A-I-A-G-L-L-K-dN-I-F-am
CCC(C)C(C(=O)NC(C(C)O)C(=O)NCC(=O)NC(C(C)C)C(=O)NC(C(C)CC)C(=O)NCC(=O)NC(CS)C(=O)NC(CO)C(=O)NC(CS)C(=O)NC(CO)C(=O)NC(CO)C(=O)NC(CC(=O)N)C(=O)NC(C(C)C)C(=O)NC(CS)C(=O)NC(Cc1ccc(cc1)O)C(=O)NC(CC(C)C)C(=O)NC(CC(=O)N)C(=O)O)NC(=O)C(CS)NC(=O)C1CCCN1C(=O)C(C(C)CC)NC(=O)C(Cc1ccccc1)NC(=O)C(C(C)C)NC(=O)C(CS)NC(=O)C(CO)NC(=O)C(CCC(=O)O)NC(=O)CNC(=O)C(CS)NC(=O)C1CCCN1C(=O)C(C(C)C)NC(=O)CN,0,G-V-P-C-G-E-S-C-V-F-I-P-C-I-T-G-V-I-G-C-S-C-S-S-dN-V-C-Y-L-dN
CCC(C)C(C(=O)NC(Cc1c[nH]c2ccccc12)C(=O)NC(CC(=O)O)C(=O)NC(C(C)O)C(=O)NC(C(C)CC)C(=O)NC(CCCCN)C(=O)NC(CO)C(=O)NC(CCSC)C(=O)NCC(=O)NC(CCCCN)C(=O)NC(C(C)C)C(=O)NC(Cc1ccccc1)C(=O)NC(C)C(=O)NCC(=O)NC(CCCCN)C(=O)NC(C(C)CC)C(=O)NC(CC(C)C)C(=O)NC(CCC(=O)N)C(=O)NC(CC(=O)N)C(=O)NC(CC(C)C)C(=O)N)NC(=O)CN,0,G-I-W-D-T-I-K-S-M-G-K-V-F-A-G-K-I-L-dQ-dN-L-am
CCC(C)C(C(=O)NC(Cc1ccccc1)C(=O)NC(C(C)O)C(=O)NC(CC(=O)O)C(=O)NC(CO)C(=O)NC(Cc1ccc(cc1)O)C(=O)NC(CO)C(=O)NC(CCCN=C(N)N)C(=O)NC(Cc1ccc(cc1)O)C(=O)NC(CCCN=C(N)N)C(=O)NC(CCCCN)C(=O)NC(CCC(=O)N)C(=O)NC(CCSC)C(=O)NC(C)C(=O)NC(C(C)C)C(=O)NC(CCCCN)C(=O)NC(CCCCN)C(=O)NC(Cc1ccc(cc1)O)C(=O)NC(CC(C)C)C(=O)NC(C)C(=O)NC(C)C(=O)NC(C(C)C)C(=O)NC(CC(C)C)C(=O)N)NC(=O)CNC(=O)C(CCC(=O)O)NC(=O)C(C)NC(=O)C(Cc1cnc[nH]1)N,0,H-A-E-G-I-F-T-D-S-Y-S-X2075-Y-X2075-K-dQ-M-A-V-K-K-Y-L-A-A-V-L-am
CC(C1C(=O)NC(C(=O)NC(C(=O)NC(C(=O)NC(CSSCC(C(=O)NC(C(=O)NC(C(=O)NC(C(=O)NC(C(=O)NC(C(=O)NC(C(=O)N1)CCCCN)Cc1c[nH]c2ccccc12)Cc1ccccc1)Cc1ccccc1)CC(=O)N)CCCCN)NC(=O)C1CCCN1)C(=O)NC(CCCCN)C(=O)O)CO)CO)Cc1ccccc1)O,0,"P-C(14,3)-K-dN-F-F-W-K-T-F-S-S-C(14,3)-K"
CCC(C)C(C(=O)NC(C(C)CC)C(=O)NC(CO)C(=O)NC(CO)C(=O)N1CCCC1C(=O)NC(CC(C)C)C(=O)NC(Cc1ccccc1)C(=O)NC(CCCCN)C(=O)NC(C(C)O)C(=O)NC(CC(C)C)C(=O)NC(CC(C)C)C(=O)NC(CO)C(=O)NC(C)C(=O)NC(C(C)C)C(=O)NCC(=O)NC(CO)C(=O)NC(C)C(=O)NC(CC(C)C)C(=O)NC(CO)C(=O)NC(CO)C(=O)NC(CO)C(=O)NCC(=O)NCC(=O)NC(CCC(=O)N)C(=O)NC(CCC(=O)O)C(=O)O)NC(=O)C(CCCCN)NC(=O)C1CCCN1C(=O)C(C(C)CC)NC(=O)C(CC(C)C)NC(=O)C(C)NC(=O)C(Cc1ccccc1)NC(=O)C(Cc1ccccc1)NC(=O)CN,0,G-F-F-A-L-I-P-K-I-I-S-S-P-L-F-K-T-L-L-S-A-V-G-S-A-L-S-S-S-G-G-dQ-E
CC(C)CC1C(=O)N2CCCC2C(=O)NC(C(=O)NC(C(=O)NCC(=O)NC(C(=O)NC(C(=O)NC(C(=O)NC(C(=O)NCC(=O)NCC(=O)NC(C(=O)NC(C(=O)NC(C(=O)NC(C(=O)N2CCCC2C(=O)NCC(=O)NC(C(=O)NC(C(=O)NC(C(=O)NC(C(=O)NC(C(=O)N2CCCC2C(=O)NC(C(=O)NC(C(=O)NC(C(=O)NC(C(=O)NC(C(=O)NCC(=O)N1)CC(=O)N)CCCNC(=N)N)C(C)O)CS)C(C)C)CCC(=O)O)CO)CS)C(C)O)CS)C(C)O)CC(=O)N)CS)C(C)O)C(C)C)CS)C(C)O)CCC(=O)O)CS)C(C)C,0,"L(29,1)-P-V-C-G-E-T-C-V-G-G-T-C-dN-T-P-G-C-T-C-S-E-P-V-C-T-R-dN-G(29,2)"
CCC(C)C(C(=O)NCC(=O)NC(CCCCN)C(=O)NC(CC(C)C)C(=O)NC(C)C(=O)NCC(=O)NC(CCCCN)C(=O)NC(C)C(=O)NC(C)C(=O)NC(CC(C)C)C(=O)NCC(=O)NC(C)C(=O)NC(C(C)C)C(=O)NC(CCCCN)C(=O)NC(CCCCN)C(=O)NC(CC(C)C)C(=O)NC(C(C)C)C(=O)NCC(=O)NC(C)C(=O)NC(CCC(=O)O)C(=O)NC(CO)C(=O)O)NC(=O)CNC(=O)C(CCCCN)NC(=O)C(CC(C)C)NC(=O)C(CCSC)NC(=O)C(CC(=O)N)NC(=O)C(CCCCN)NC(=O)C(Cc1c[nH]c2ccccc12)NC(=O)C(CC(C)C)NC(=O)C(C)N,0,A-L-W-K-dN-M-L-K-G-I-G-K-L-A-G-K-A-A-L-G-A-V-K-K-L-V-G-A-E-S
CCC(C)C(C(=O)NC(Cc1ccccc1)C(=O)NC(C(C)O)C(=O)NC(CC(=O)O)C(=O)NC(CO)C(=O)NC(Cc1ccc(cc1)O)C(=O)NC(CO)C(=O)NC(CCCN=C(N)N)C(=O)NC(Cc1ccc(cc1)O)C(=O)NC(CCCN=C(N)N)C(=O)NC(CCCCN)C(=O)NC(CCC(=O)N)C(=O)NC(CCSC)C(=O)NC(C)C(=O)NC(C(C)C)C(=O)NC(CCCCN)C(=O)NC(CCCCN)C(=O)NC(Cc1ccc(cc1)O)C(=O)NC(CC(C)C)C(=O)NC(CC(=O)N)C(=O)NC(CO)C(=O)NC(C(C)CC)C(=O)NC(C(C)C)C(=O)NC(CC(=O)N)C(=O)N)NC(=O)CNC(=O)C(CCC(=O)O)NC(=O)C(CO)NC(=O)C(Cc1cnc[nH]1)N,0,H-S-E-G-I-F-T-D-S-Y-S-X2075-Y-X2075-K-dQ-M-A-V-K-K-Y-L-dN-S-I-V-dN-am
CCC(C)C(C(=O)NC(CC(C)C)C(=O)N)NC(=O)C(CCCCN)NC(=O)C(CCCCN)NC(=O)C(C)NC(=O)C(C(C)C)NC(=O)C(C)NC(=O)C(CC(C)C)NC(=O)C(CC(C)C)NC(=O)C(C)NC(=O)C(CCCCN)NC(=O)C(CC(C)C)NC(=O)C(CC(=O)N)NC(=O)C(CC(C)C)N,0,L-dN-L-K-A-L-L-A-V-A-K-K-I-L-am
CCC(C)C1C(=O)NC(C(=O)NC(CSSCC(C(=O)NC(C(=O)NC(C(=O)NC(C(=O)NC(C(=O)NC(C(=O)NC(C(=O)NC(C(=O)NC(C(=O)NC(C(=O)NC(C(=O)NCC(=O)NC(C(=O)N2CCCC2C(=O)NC(C(=O)N1)CO)C)CC(C)C)CCCCN)CCCCN)CCSC)CCCNC(=N)N)Cc1c[nH]c2ccccc12)CCC(=O)N)Cc1c[nH]c2ccccc12)CCCNC(=N)N)CCCNC(=N)N)NC(=O)C(CCCCN)NC(=O)C(Cc1ccccc1)N)C(=O)NC(C(C)C)C(=O)NC(CCCNC(=N)N)C(=O)NC(CCCNC(=N)N)C(=O)NC(C)C(=O)NC(Cc1ccccc1)C(=O)O)C(C)O,0,"F-K-C(25,3)-R-R-W-dQ-W-R-M-K-K-L-G-A-P-S-I-T-C(25,3)-V-R-R-A-F"
CCC(C)C(C(=O)NC(Cc1ccccc1)C(=O)NC(CC(=O)O)C(=O)NC(C(C)CC)C(=O)NC(C(C)CC)C(=O)NC(CCCCN)C(=O)NC(C(C)O)C(=O)NC(C(C)C)C(=O)NCC(=O)NC(CCCCN)C(=O)NC(CCC(=O)O)C(=O)NC(C)C(=O)NCC(=O)NC(CCSC)C(=O)NC(CC(=O)O)C(=O)NC(C(C)C)C(=O)NC(CC(C)C)C(=O)NC(CCCNC(=N)N)C(=O)NC(C(C)O)C(=O)NCC(=O)NC(C(C)CC)C(=O)NC(CC(=O)O)C(=O)NC(C(C)C)C(=O)NC(C(C)CC)C(=O)NCC(=O)NC(CS)C(=O)NC(CCCCN)C(=O)NC(C(C)CC)C(=O)NC(CCCCN)C(=O)NCC(=O)NC(CCC(=O)O)C(=O)NC(CS)C(=O)O)NC(=O)CNC(=O)C(C(C)O)NC(=O)C(CCCCN)NC(=O)C(C(C)C)NC(=O)C(CCCCN)NC(=O)C(CCCCN)NC(=O)C(CCCCN)NC(=O)C(CC(=O)N)NC(=O)C(Cc1ccccc1)NC(=O)C(CCCCN)NC(=O)C1CCCN1C(=O)C(Cc1ccccc1)NC(=O)C(CC(C)C)NC(=O)CN,0,G-L-F-P-K-F-dN-K-K-K-V-K-T-G-I-F-D-I-I-K-T-V-G-K-E-A-G-M-D-V-L-R-T-G-I-D-V-I-G-C-K-I-K-G-E-C
CCC(C)C(C(=O)NC(Cc1c[nH]c2ccccc12)C(=O)NC(CC(C)C)C(=O)NC(C(C)O)C(=O)NC(C)C(=O)NC(CC(C)C)C(=O)NC(CCCCN)C(=O)NC(Cc1ccccc1)C(=O)NC(CC(C)C)C(=O)NCC(=O)NC(CCCCN)C(=O)NC(Cc1cnc[nH]1)C(=O)NC(C)C(=O)NC(C)C(=O)NC(CCCCN)C(=O)NC(Cc1cnc[nH]1)C(=O)NC(CC(C)C)C(=O)NC(C)C(=O)NC(CCCCN)C(=O)NC(CCC(=O)N)C(=O)NC(CCC(=O)N)C(=O)NC(CC(C)C)C(=O)NC(CO)C(=O)NC(CCCCN)C(=O)NC(CC(C)C)C(=O)O)N,0,I-W-L-T-A-L-K-F-L-G-K-H-A-A-K-H-L-A-K-dQ-dQ-L-S-K-L
CCC(C)C(C(=O)NC(CCCCN)C(=O)N1CCCC1C(=O)NC(CCCNC(=N)N)C(=O)NC(C)C(=O)C)NC(=O)C(CCCCN)NC(=O)CNC(=O)C(C(C)C)NC(=O)C(Cc1cnc[nH]1)NC(=O)C(Cc1cnc[nH]1)NC(=O)C(C(C)C)NC(=O)CNC(=O)C(Cc1cnc[nH]1)NC(=O)C(Cc1ccccc1)NC(=O)C(CC(C)C)NC(=O)C(CC(C)C)NC(=O)C(CCCNC(=N)N)NC(=O)C(Cc1ccccc1)NC(=O)C(Cc1ccccc1)N,0,F-F-R-L-L-F-H-G-V-H-H-V-G-K-I-K-P-R-A
CCC(C)C(C(=O)NCC(=O)NC(C(C)C)C(=O)NC(Cc1ccccc1)C(=O)NC(CS)C(=O)NC(CCCCN)C(=O)NC(C(C)CC)C(=O)NC(Cc1ccccc1)C(=O)NC(CCCCN)C(=O)NC(C(C)O)C(=O)NC(CS)C(=O)O)NC(=O)C1CCCN1C(=O)C(Cc1ccccc1)NC(=O)C(Cc1ccccc1)N,0,F-F-P-I-G-V-F-C-K-I-F-K-T-C
CCC(C)C(C(=O)NC(C(C)CC)C(=O)NC(CCCCN)C(=O)NC(CCCCN)C(=O)NC(C(C)C)C(=O)NC(C)C(=O)NC(CO)C(=O)NC(C(C)C)C(=O)NC(C(C)CC)C(=O)NC(C(C)CC)C(=O)NCC(=O)NCC(=O)NC(CC(C)C)C(=O)N)NC(=O)C(CC(=O)O)NC(=O)C(Cc1ccccc1)NC(=O)C(CC(C)C)NC(=O)CN,0,G-L-F-D-I-I-K-K-V-A-S-V-I-I-G-G-L-am
CCC(C)C(C(=O)N1CCCC1C(=O)NC(CCCCN)C(=O)NC(C(C)C)C(=O)NC(CCSC)C(=O)NC(CS)C(=O)O)NC(=O)C1CCCN1C(=O)C(C(C)CC)NC(=O)C(CS)NC(=O)C(C(C)O)NC(=O)C(CCCN=C(N)N)N,0,X2075-T-C-I-P-I-P-K-V-M-C
CCC(C)C(C(=O)N1CCCC1C(=O)N1CCCC1C(=O)NCC(=O)NC(Cc1ccccc1)C(=O)N1CCCC1C(=O)N1CCCC1C(=O)NC(CCCNC(=N)N)C(=O)NC(Cc1ccccc1)C(=O)N1CCCC1C(=O)N1CCCC1C(=O)NC(CCCNC(=N)N)C(=O)NC(Cc1ccccc1)C(=O)N1CCCC1C(=O)N)NC(=O)C(CCCNC(=N)N)NC(=O)C1CCCN1C(=O)C1CCCN1C(=O)C(CC(C)C)NC(=O)C(CCCNC(=N)N)NC(=O)C1CCCN1C(=O)C1CCCN1C(=O)C(Cc1ccccc1)NC(=O)C(Cc1ccccc1)NC(=O)C1CCCN1C(=O)C1CCCN1C(=O)C1CCCN1C(=O)C(CCCNC(=N)N)NC(=O)C1CCCN1C(=O)C(CCCNC(=N)N)NC(=O)C1CCCN1C(=O)C(CC(C)C)NC(=O)C(Cc1ccc(cc1)O)NC(=O)C1CCCN1C(=O)C1CCCN1C(=O)C(CCCNC(=N)N)NC(=O)C1CCCN1C(=O)C(CCCNC(=N)N)NC(=O)C(CCCNC(=N)N)NC(=O)C(CCCNC(=N)N)N,0,R-R-R-P-R-P-P-Y-L-P-R-P-R-P-P-P-F-F-P-P-R-L-P-P-R-I-P-P-G-F-P-P-R-F-P-P-R-F-P-am
CCC(C)C(C(=O)NC(CCSC)C(=O)NC(CC(=O)N)C(=O)NC(CO)C(=O)O)NC(=O)C(CCC(=O)O)NC(=O)CNC(=O)C(C(C)C)NC(=O)C(Cc1ccccc1)NC(=O)C(C)NC(=O)C(CCCCN)NC(=O)CNC(=O)C(Cc1ccccc1)NC(=O)C(CCCCN)NC(=O)C(CCCCN)NC(=O)C(C)NC(=O)C(CO)NC(=O)C(Cc1cnc[nH]1)NC(=O)C(CC(C)C)N,0,L-H-S-A-K-K-F-G-K-A-F-V-G-E-I-M-dN-S
CC(C)CC(C(=O)NC(CO)C(=O)NC(CCC(=O)N)C(=O)NC(CCCNC(=N)N)C(=O)NC(Cc1cnc[nH]1)C(=O)NC(Cc1ccccc1)C(=O)NC(C)C(=O)C)NC(=O)C(CCCNC(=N)N)NC(=O)C(CCC(=O)O)NC(=O)CNC(=O)C(CCCCN)NC(=O)C(C(C)O)NC(=O)C(Cc1ccccc1)NC(=O)C(Cc1c[nH]c2ccccc12)NC(=O)C(CCCCN)NC(=O)C(CCCCN)NC(=O)C(Cc1c[nH]c2ccccc12)NC(=O)CN,0,G-W-K-K-W-F-T-K-G-E-R-L-S-dQ-R-H-F-A
CC(C)C1C(=O)NC2CSSCC(C(=O)NC(C(=O)NC(C(=O)NC(C(=O)NC(CSSCC(C(=O)NC(C(=O)NC(C(=O)N1)CCCNC(=N)N)Cc1ccccc1)NC(=O)C(Cc1c[nH]c3ccccc13)NC(=O)C(CCCNC(=N)N)NC(=O)C(CCCNC(=N)N)N)C(=O)NC(CCCNC(=N)N)C(=O)N)CCCCN)CCCNC(=N)N)Cc1ccc(cc1)O)NC(=O)C(NC(=O)CNC(=O)C(NC(=O)C(NC2=O)Cc1ccc(cc1)O)CCCNC(=N)N)Cc1ccc(cc1)O,0,"R-R-W-C(20,3)-F-R-V-C(19,3)-Y-R-G-Y-C(19,3)-Y-R-K-C(20,3)-R-am"
CCC(C)C(C(=O)N1CCCC1C(=O)NC(CC(C)C)C(=O)NC(CC(C)C)C(=O)NC(Cc1cnc[nH]1)C(=O)NC(CC(C)C)C(=O)N)NC(=O)C(C(C)C)NC(=O)C1CCCN1C(=O)C(CO)NC(=O)C(CC(C)C)NC(=O)C(CCCCN)NC(=O)C(CCCCN)NC(=O)C(Cc1ccccc1)NC(=O)C(CC(C)C)NC(=O)C(CCCCN)NC(=O)C(CCCCN)NC(=O)C(Cc1ccccc1)NC(=O)C(CCCCN)NC(=O)C(CCCCN)NC(=O)C(CCCNC(=N)N)NC(=O)C(Cc1ccccc1)NC(=O)C(CCCNC(=N)N)NC(=O)C(CCCCN)NC(=O)C(Cc1ccccc1)NC(=O)C(CCCNC(=N)N)NC(=O)CN,0,G-R-F-K-R-F-R-K-K-F-K-K-L-F-K-K-L-S-P-V-I-P-L-L-H-L-am
CCC(C)C(C(=O)N1CCCC1C(=O)N1CCCC1C(=O)NC(C(C)C)C(=O)NC(CS)C(=O)NC(Cc1ccccc1)C(=O)O)NC(=O)C1CCCN1C(=O)C(C(C)CC)NC(=O)C(CS)NC(=O)C(C(C)O)NC(=O)C(CCCN=C(N)N)N,0,X2075-T-C-I-P-I-P-P-V-C-F
CCC(C)C(C(=O)NC(Cc1ccccc1)C(=O)NC(C(C)O)C(=O)NC(CC(=O)O)C(=O)NC(CO)C(=O)NC(Cc1ccc(cc1)O)C(=O)NC(CO)C(=O)NC(CCCN=C(N)N)C(=O)NC(Cc1ccc(cc1)O)C(=O)NC(CCCN=C(N)N)C(=O)NC(CCCCN)C(=O)NC(CCC(=O)N)C(=O)NC(CCSC)C(=O)NC(C)C(=O)NC(C(C)C)C(=O)NC(CCCCN)C(=O)NC(CCCCN)C(=O)NC(Cc1ccc(cc1)O)C(=O)NC(CC(C)C)C(=O)NC(C)C(=O)NC(C)C(=O)NC(C(C)C)C(=O)NC(CC(C)C)C(=O)N)NC(=O)CNC(=O)C(CCC(=O)O)NC(=O)C(CO)N,0,S-E-G-I-F-T-D-S-Y-S-X2075-Y-X2075-K-dQ-M-A-V-K-K-Y-L-A-A-V-L-am
CCC(C)C(C(=O)NC(CC(C)C)C(=O)N)NC(=O)CNC(=O)C(CC(=O)N)NC(=O)C(CC(C)C)NC(=O)C(C(C)CC)NC(=O)C(CCCN=C(N)N)NC(=O)CNC(=O)C(C(C)CC)NC(=O)C(C(C)C)NC(=O)C1CCCN1C(=O)C(Cc1ccccc1)NC(=O)C(Cc1ccccc1)N,0,F-F-P-V-I-G-X2075-I-L-dN-G-I-L-am
CC(C(=O)NC(CO)C(=O)N)NC(=O)C(Cc1c[nH]c2ccccc12)NC(=O)C(CO)NC(=O)C(Cc1c[nH]c2ccccc12)NC(=O)C(Cc1ccccc1)NC(=O)CNC(=O)C(CCCCN)NC(=O)CNC(=O)C(CCCCN)N,0,K-G-K-G-F-W-S-W-A-S-am
CCC(C)C(C(=O)NC(CS)C(=O)NC(Cc1ccc(cc1)O)C(=O)NC(CCCNC(=N)N)C(=O)NC(CCCCN)C(=O)NC(CS)C(=O)NC(CCCNC(=N)N)C(=O)N)NC(=O)CNC(=O)C(CCCNC(=N)N)NC(=O)C(Cc1ccc(cc1)O)NC(=O)C(CS)NC(=O)C(C(C)C)NC(=O)C(CCCNC(=N)N)NC(=O)C(Cc1ccccc1)NC(=O)C(CS)NC(=O)C(Cc1c[nH]c2ccccc12)NC(=O)C(CCCCN)N,0,K-W-C-F-R-V-C-Y-R-G-I-C-Y-R-K-C-R-am
CCC(C)C(C(=O)NC(CC(=O)N)C(=O)NC(CC(C)C)C(=O)NC(CCCCN)C(=O)NC(C)C(=O)NC(CCCCN)C(=O)NC(C)C(=O)NC(C)C(=O)NC(CC(C)C)C(=O)NC(C)C(=O)NC(CCCCN)C(=O)NC(CCCCN)C(=O)NC(CC(C)C)C(=O)NC(CC(C)C)C(=O)O)N,0,I-dN-L-K-A-K-A-A-L-A-K-K-L-L
CCC(C)C1C(=O)NC(CSSCC(C(=O)NC(C(=O)NC2CSSCC(C(=O)N1)NC(=O)C(NC(=O)C(NC(=O)C(NC(=O)C(NC2=O)CCCNC(=N)N)CCCNC(=N)N)CCCNC(=N)N)Cc1ccccc1)Cc1ccc(cc1)O)NC(=O)C(CC(C)C)NC(=O)C(CCCNC(=N)N)NC(=O)CNC(=O)CNC(=O)C(CCCNC(=N)N)N)C(=O)NC(C(C)C)C(=O)N,0,"R-G-G-R-L-C(17,3)-Y-C(18,3)-R-R-R-F-C(18,3)-I-C(17,3)-V-am"
CCC(C)C1C(=O)NC(C(=O)NCC(=O)NC(C(=O)NC(C(=O)NC(C(=O)NC(C(=O)NCC(=O)NC(C(=O)NC2CSSCC3C(=O)NC(C(=O)NC(C(=O)N4CCCC4C(=O)NC(C(=O)NC(CSSCC(C(=O)NC(CSSCC(C(=O)NC(C(=O)N3)Cc3ccc(cc3)O)NC(=O)C(CCCNC(=N)N)NC(=O)C(CCCNC(=N)N)N)C(=O)NC(CCCNC(=N)N)C(=O)NC(CCCNC(=N)N)C(=O)O)NC(=O)C(NC(=O)C(NC(=O)C(NC(=O)C(NC(=O)C(NC(=O)CNC(=O)C(NC(=O)C(NC(=O)C(NC2=O)C(C)CC)Cc2ccc(cc2)O)CCC(=O)N)CCCNC(=N)N)CC(C)C)Cc2c[nH]c3ccccc23)C)Cc2ccccc2)C(=O)N1)C)C(C)CC)CCCNC(=N)N)C(C)O)Cc1ccc(cc1)O)CCCNC(=N)N)CCCNC(=N)N)CCC(=O)O)C,0,"R-R-C(35,3)-Y-C(33,3)-R-I-P-A-C(34,3)-I-A-G-E-R-R-Y-G-T-C(33,3)-I-Y-dQ-G-R-L-W-A-F-C(34,3)-C(35,3)-R-R"
CCC(C)C(C(=O)NC(C(C)CC)C(=O)NC(C(C)CC)C(=O)NCC(=O)NCC(=O)NC(C)C(=O)NC(CC(C)C)C(=O)NC(CC(=O)O)C(=O)NC(Cc1cnc[nH]1)C(=O)NC(CC(C)C)C(=O)C)NC(=O)CNC(=O)CNC(=O)C(C)NC(=O)C(CCCCN)NC(=O)CNC(=O)C(C(C)CC)NC(=O)C(CCCNC(=N)N)NC(=O)C(CCC(=O)O)NC(=O)C(CC(C)C)NC(=O)C(Cc1c[nH]c2ccccc12)NC(=O)C(CCCNC(=N)N)NC(=O)CNC(=O)C(CCCCN)NC(=O)CN,0,G-K-G-R-W-L-E-R-I-G-K-A-G-G-I-I-I-G-G-A-L-D-H-L
CCC(C)CC(C)CCCC=CC(=O)NC(CCC(=O)O)C(=O)NC(CC(C)C)C(=O)NC(CC(C)C)C(=O)NC(C(C)C)C(=O)NC(CC(=O)O)C(=O)NC(CC(C)C)C(=O)NC(CC(C)C)C(=O)O,0,X-E-L-L-V-D-L-L
CCC(C)C(C(=O)NC(CO)C(=O)NC(CCCCN)C(=O)N1CCCC1C(=O)NC(CCC(=O)O)C(=O)NC(CCCCN)C(=O)NC(CC(=O)N)C(=O)NC(C(C)O)C(=O)N)NC(=O)C(CSC)N,0,C-I-S-K-P-E-K-dN-T-am
CCC(C)C(C(=O)NC(CCCCN)C(=O)NC(C(C)C)C(=O)NCC(=O)NC(CO)C(=O)NC(CS)C(=O)NC(Cc1ccccc1)C(=O)NCC(=O)NC(Cc1ccccc1)C(=O)NC(CCCNC(=N)N)C(=O)NC(CO)C(=O)NC(CS)C(=O)NC(CS)C(=O)NC(CCCCN)C(=O)NC(Cc1c[nH]c2ccccc12)C(=O)N1CCCC1C(=O)NC(Cc1c[nH]c2ccccc12)C(=O)NC(CC(=O)N)C(=O)NC(C)C(=O)O)NC(=O)C(CC(C)C)NC(=O)C(CC1C=NC=N1)NC(=O)C(CO)NC(=O)C1CCCN1C(=O)C(CS)NC(=O)CNC(=O)CNC(=O)C(Cc1ccccc1)NC(=O)C(CC1C=NC=N1)NC(=O)C(CS)NC(=O)C(CO)NC(=O)CNC(=O)CNC(=O)C(CCCCN)NC(=O)C(CS)NC(=O)C(Cc1ccccc1)NC(=O)C(CC(C)C)N,0,L-F-C-K-G-G-S-C-X-F-G-G-C-P-S-X-L-I-K-V-G-S-C-F-G-F-R-S-C-C-K-W-P-W-dN-A
CC(C)CC(C(=O)NC(C)C(=O)NC(CO)C(=O)NCC(=O)NCC(=O)NC(C(C)C)C(=O)NC(C(C)C)C(=O)O)NC(=O)C(C(C)C)NC(=O)C(C(C)C)NC(=O)CC(C)(NC(=O)CNC(=O)C(CS)NC(=O)C(C)NC(=O)CNC(=O)C(C(C)C)NC(=O)C(CS)NC(=O)C(C)NC(=O)C(C(C)C)NC(=O)C(Cc1c[nH]c2ccccc12)NC(=O)CN)O,0,G-W-V-A-C-V-G-A-C-G-X-V-V-L-A-S-G-G-V-V
CCC(C)C(C(=O)NC(CC(C)C)C(=O)N)NC(=O)CNC(=O)C(CO)NC(=O)C(CC(C)C)NC(=O)C(C(C)C)NC(=O)C(CCCCN)NC(=O)CNC(=O)C(C(C)CC)NC(=O)C(CC(C)C)NC(=O)C1CCCN1C(=O)C(CC(C)C)NC(=O)C(Cc1ccccc1)N,0,F-L-P-L-I-G-K-V-L-S-G-I-L-am
CCC(C)C(C(=O)NC(C(C)C)C(=O)NC(CCC(=O)N)C(=O)NC(CC(=O)O)C(=O)NC(C(C)CC)C(=O)NC(CCC(=O)O)C(=O)NC(CC(=O)O)C(=O)NC(Cc1ccccc1)C(=O)NC(CC(C)C)C(=O)NC(CCC(=O)N)C(=O)NC(CC(=O)N)C(=O)NC(CC(C)C)C(=O)NC(C(C)C)C(=O)N)NC(=O)C(CCC(=O)O)NC(=O)C(CC(=O)N)NC(=O)C(Cc1ccccc1)NC(=O)CN,0,G-F-dN-E-I-V-dQ-D-I-E-D-F-L-dQ-dN-L-V-am
CCC(C)C(C(=O)NC(Cc1c[nH]cn1)C(=O)NCC(=O)NC(CC(C)C)C(=O)NC(C(C)C)C(=O)N)NC(=O)C(CCSC)NC(=O)C(CCCCN)NC(=O)CNC(=O)C(C)NC(=O)C(Cc1c[nH]cn1)NC(=O)C(Cc1ccccc1)NC(=O)C(CC(C)C)NC(=O)CNC(=O)C(CCCCN)NC(=O)C(C(C)CC)NC(=O)C(C(C)CC)NC(=O)C(Cc1c[nH]cn1)NC(=O)C(Cc1ccccc1)NC(=O)C(C(C)CC)NC(=O)C(Cc1ccccc1)NC(=O)CN,0,G-F-I-F-H-I-I-K-G-L-F-H-A-G-K-M-I-H-G-L-V-am
CCC(C)C(C(=O)NC(C)C(=O)NC(CCC(=O)N)C(=O)NC(CCC(=O)N)C(=O)NC(C)C(=O)NC(C)C(=O)NC(CC(=O)N)C(=O)NC(C(C)C)C(=O)NC(C)C(=O)NC(C)C(=O)NC(C(C)O)C(=O)NC(C)C(=O)NC(CCCNC(=N)N)C(=O)N)NC(=O)CNC(=O)C(CC(C)C)NC(=O)CNC(=O)C(CCC(=O)N)NC(=O)C(C(C)CC)NC(=O)C(C(C)O)NC(=O)C(C)NC(=O)C(CC(=O)O)NC(=O)C(CCCNC(=N)N)NC(=O)C(C(C)O)NC(=O)C(Cc1cnc[nH]1)NC(=O)C(CCC(=O)N)NC(=O)CNC(=O)C(C(C)C)NC(=O)C(CCCNC(=N)N)NC(=O)C(CCC(=O)O)NC(=O)C(C(C)CC)NC(=O)C(CCCCN)NC(=O)C(CCCCN)NC(=O)CNC(=O)C(C(C)CC)NC(=O)C(CCCCN)NC(=O)C(CCCCN)NC(=O)C(CC(C)C)NC(=O)C(Cc1c[nH]c2ccccc12)NC(=O)CN,0,G-W-L-K-K-I-G-K-K-I-E-R-V-G-dQ-H-T-R-D-A-T-I-dQ-G-L-G-I-A-dQ-dQ-A-A-dN-V-A-A-T-A-R-am
CCC(C)C(C(=O)NC(C)C(=O)NC(CCCCN)C(=O)NC(C)C(=O)NC(C)C(=O)NC(CC(C)C)C(=O)N1CCCC1C(=O)O)NC(=O)C1CCCN1C(=O)C(CC(C)C)NC(=O)C(C)NC(=O)C(C)NC(=O)C(CCCCN)NC(=O)CNC(=O)C(C(C)CC)NC(=O)C(CCCCN)NC(=O)C(CCCCN)NC(=O)C(C)NC(=O)C(C(C)C)NC(=O)C1CCCN1C(=O)C(CC(C)C)NC(=O)C(C)NC(=O)C(CCCCN)NC(=O)C(CCCCN)NC(=O)C(Cc1ccccc1)NC(=O)C(C)NC(=O)C(CO)NC(=O)CNC(=O)C(C(C)CC)NC(=O)C(CO)N,0,S-I-G-S-A-F-K-K-A-L-P-V-A-K-K-I-G-K-A-A-L-P-I-A-K-A-A-L-P
CCC(C)C(C(=O)NC(CCCCN)C(=O)N1CCCC1C(=O)O)NC(=O)C(C(C)C)NC(=O)C(CC(=O)N)NC(=O)C(CO)NC(=O)C(Cc1cnc[nH]1)NC(=O)CNC(=O)C(C(C)C)NC(=O)C(Cc1c[nH]c2ccccc12)NC(=O)C1CCC(=O)NCC(=O)NC(C(=O)NC(C(=O)NC(C(=O)NC(C(=O)NC(C(=O)NC(C(=O)N1)CCCNC(=N)N)Cc1ccc(cc1)O)C(C)C)CC(C)C)CCC(=O)N)CO,0,"P(2,1).K(1,1)(2,2).I(1,2)(3,1).V(3,2)(4,1).dN(4,2)(5,1).S(5,2)(6,1).H(6,2)(7,1).G(7,2)(8,1).V(8,2)(9,1).W(9,2)(10,1).E(10,2)(18,1)-G-S-dQ-L-V-Y-R(18,2)"
CCCCC(C(=O)NC(CCC(=O)O)C(=O)NC(Cc1c[nH]cn1)C(=O)NC(Cc1ccccc1)C(=O)NC(CCCNC(=N)N)C(=O)NC(Cc1c[nH]c2ccccc12)C(=O)NCC(=O)NC(CCCCN)C(=O)N1CCCC1C(=O)NC(C(C)C)C(=O)N)NC(=O)C(CO)NC(=O)C(Cc1ccc(cc1)O)NC(=O)C(CO)NC(=O)C,0,ac-S-Y-S-Aca-E-H-F-R-W-G-K-P-V-am
CCC(C)C(C(=O)NCC(=O)NC(CCCCN)C(=O)NC(Cc1ccccc1)C(=O)NC(CC(C)C)C(=O)NC(Cc1cnc[nH]1)C(=O)NC(C)C(=O)NC(C)C(=O)NC(CCCCN)C(=O)NC(CCCCN)C(=O)NC(Cc1ccccc1)C(=O)NC(C)C(=O)NC(CCCCN)C(=O)NC(C)C(=O)NC(Cc1ccccc1)C(=O)NC(C(C)C)C(=O)NC(C)C(=O)NC(CCC(=O)O)C(=O)NC(C(C)CC)C(=O)NC(CCSC)C(=O)NC(CC(=O)N)C(=O)NC(CO)C(=O)N)NC(=O)CCN,0,X-I-G-K-F-L-H-A-A-K-K-F-A-K-A-F-V-A-E-I-M-dN-S-am
CC(=O)NC(CO)C(=O)NC(Cc1ccc(cc1)O)C(=O)NC(CO)C(=O)NC(CCSC)C(=O)NC(CCC(=O)O)C(=O)NC(Cc1cnc[nH]1)C(=O)NC(Cc1ccccc1)C(=O)NC(CCCN=C(N)N)C(=O)NC(Cc1c[nH]c2ccccc12)C(=O)NCC(=O)N,0,ac-S-Y-S-M-E-H-F-X2075-W-G-am
CCC(C)C(C(=O)NC(CC(C)C)C(=O)O)NC(=O)C(Cc1c[nH]c2ccccc12)NC(=O)C1CCCN1C(=O)C(CCCN=C(N)N)NC(=O)C(CCCCN)NC(=O)CNC(=O)C1CCC(=O)N1,0,"L(1,1).I(1,2)(2,1).W(2,2)(3,1).P(3,2)(4,1).X2075(4,2)(5,1).K(5,2)(6,1).G(6,2)(7,1).E(7,2)(8,1)(8,2)"
CCC(C)C(C(=O)NC(Cc1ccccc1)C(=O)NC(C(C)O)C(=O)NC(CC(=O)O)C(=O)NC(CO)C(=O)NC(Cc1ccc(cc1)O)C(=O)N)NC(=O)CNC(=O)C(CC(=O)O)NC(=O)C(CO)NC(=O)C(Cc1cnc[nH]1)N,0,H-S-D-G-I-F-T-D-S-Y-am
CCC(C)C(C(=O)NC(CCC(=O)N)C(=O)N1CCCC1C(=O)NC(CCC(=O)O)C(=O)NC(CCC(=O)N)C(=O)NC(Cc1cnc[nH]1)C(=O)NC(CO)C(=O)NC(CO)C(=O)NCC(=O)NC(CCCCN)C(=O)NC(CO)C(=O)NC(CC(=O)O)C(=O)NC(C(C)C)C(=O)NC(CCCNC(=N)N)C(=O)NC(CCCNC(=N)N)C(=O)NC(Cc1c[nH]c2ccccc12)C(=O)NC(CCCNC(=N)N)C(=O)NC(CO)C(=O)NC(CCCNC(=N)N)C(=O)NC(Cc1ccc(cc1)O)C(=O)N)NC(=O)CNC(=O)C(CO)NC(=O)C(CCCNC(=N)N)NC(=O)C(C(C)O)NC(=O)CNC(=O)C(Cc1c[nH]c2ccccc12)NC(=O)C(CC(C)C)NC(=O)C(CC(=O)O)NC(=O)C(C(C)C)NC(=O)C(CCCCN)NC(=O)C(CC(C)C)NC(=O)C(CCC(=O)N)N,0,dQ-L-K-V-D-L-W-G-T-R-S-G-I-dQ-P-E-dQ-H-S-S-G-K-S-D-V-R-R-W-R-S-R-Y-am
CC(C)CC(C(=O)NC(CO)C(=O)NC(Cc1c[nH]cn1)C(=O)NC(CCCCN)C(=O)NC(CC(=O)O)C(=O)NC(CC(C)C)C(=O)NC(C)C(=O)NC(C(C)C)C(=O)NC(C(C)C)C(=O)NC(C(C)C)C(=O)NCC(=O)NCC(=O)O)NC(=O)C(Cc1ccc(cc1)O)NC(=O)C(CC(=O)N)NC(=O)C(Cc1ccccc1)NC(=O)C(CCC(=O)N)NC(=O)C(CCCCN)NC(=O)C(CCSC)N,0,M-K-dQ-F-dN-Y-L-S-H-K-D-L-A-V-V-V-G-G
CCCCC(C(=O)NC(CCC(=O)O)C(=O)NC(Cc1c[nH]cn1)C(=O)NC(Cc1ccccc1)C(=O)NC(CCCNC(=N)N)C(=O)NC(Cc1c[nH]c2ccccc12)C(=O)NCC(=O)NC(CCCCN)C(=O)N1CCCC1C(=O)NC(C(C)C)C(=O)N)NC(=O)C(CO)NC(=O)C(Cc1ccc(cc1)O)NC(=O)C(CO)NC(=O)C,0,ac-S-Y-S-Aca-E-H-F-R-W-G-K-P-V-am
CCC(C)C(C(=O)NC(C)C(=O)NC(CC(=O)N)C(=O)NC(Cc1ccc(cc1)O)C(=O)NC(CC(C)C)C=O)NC(=O)C(C)NC(=O)C(CC(=O)N)NC(=O)C(CCCCN)NC(=O)C(CCCN=C(N)N)NC(=O)C(CCCN=C(N)N)NC(=O)C(CO)NC(=O)C(C(C)O)NC(=O)C(CCCCN)NC(=O)C(C(C)O)NC(=O)C(CCSC)N,0,M-T-K-T-S-X2075-X2075-K-dN-A-I-A-dN-Y-X39
CC(C)C(C(=O)NC(CCCCN)C(=O)NC(CC(=O)N)C(=O)NC(CCCCN)C(=O)N)NC(=O)C(CCCN=C(N)N)NC(=O)C(CCC(=O)N)NC(=O)C(CCCCN)NC(=O)C(Cc1ccc(cc1)O)NC(=O)C(CCCN=C(N)N)NC(=O)C(CCCCN)NC(=O)CN,0,G-K-X2075-Y-K-dQ-X2075-V-K-dN-K-am
CCC(C)C(C(=O)NC(CC(=O)N)C(=O)NC(CC(C)C)C(=O)NC(CCCCN)C(=O)NC(C)C(=O)NC(CCCCN)C(=O)NC(C)C(=O)NC(C)C(=O)NC(CC(C)C)C(=O)NC(C)C(=O)NC(CCCCN)C(=O)NC(CCCCN)C(=O)NC(CC(C)C)C(=O)NC(CC(C)C)C(=O)N)N,0,I-dN-L-K-A-K-A-A-L-A-K-K-L-L-am
CCC(C)C(C(=O)NC(Cc1ccccc1)C(=O)NC(C(C)O)C(=O)NC(CC(=O)O)C(=O)NC(CO)C(=O)NC(Cc1ccc(cc1)O)C(=O)NC(CO)C(=O)NC(CCCN=C(N)N)C(=O)NC(Cc1ccc(cc1)O)C(=O)NC(CCCN=C(N)N)C(=O)NC(CCCCN)C(=O)NC(CCC(=O)N)C(=O)NC(CCSC)C(=O)NC(C)C(=O)NC(C(C)C)C(=O)NC(CCCCN)C(=O)NC(CCCCN)C(=O)NC(Cc1ccc(cc1)O)C(=O)NC(CC(C)C)C(=O)NC(C)C(=O)NC(C)C(=O)NC(C(C)C)C(=O)NC(CC(C)C)C(=O)N)NC(=O)CN,0,G-I-F-T-D-S-Y-S-X2075-Y-X2075-K-dQ-M-A-V-K-K-Y-L-A-A-V-L-am
CCC(C)C1C(=O)NC(C(=O)NC2CSSCC(C(=O)NC(CSSCC(C(=O)N1)NC(=O)C(C(C)CC)NC(=O)C1CCCN1C(=O)C(Cc1ccccc1)NC(=O)C(Cc1c[nH]cn1)NC(=O)C(C(C)O)NC(=O)C(CC(=O)O)N)C(=O)NC(CCCCN)C(=O)NC(C(C)O)C(=O)O)NC(=O)C(NC(=O)CNC(=O)C1CSSCC(C(=O)NCC(=O)NC3CSSCC(C(=O)NC(C(=O)NC(C(=O)NC(C(=O)NC(C(=O)N1)CCCCN)CO)CCCNC(=N)N)Cc1c[nH]cn1)NC3=O)NC2=O)CCSC)Cc1ccccc1,0,"D-T-H-F-P-I-C(26,3)-I-F-C(25,3)-C(27,3)-G-C(28,3)-C(28,3)-H-R-S-K-C(27,3)-G-M-C(25,3)-C(26,3)-K-T"
CCC(C)C(C(=O)NC(Cc1ccccc1)C(=O)NC(C(C)O)C(=O)NC(CC(=O)O)C(=O)NC(CO)C(=O)NC(Cc1ccc(cc1)O)C(=O)NC(CO)C(=O)NC(CCCN=C(N)N)C(=O)NC(Cc1ccc(cc1)O)C(=O)NC(CCCN=C(N)N)C(=O)NC(CCCCN)C(=O)NC(CCC(=O)N)C(=O)NC(CCSC)C(=O)NC(C)C(=O)NC(C(C)C)C(=O)NC(CCCCN)C(=O)NC(CCCCN)C(=O)NC(Cc1ccc(cc1)O)C(=O)NC(CC(C)C)C(=O)NC(C)C(=O)NC(C)C(=O)NC(C(C)C)C(=O)NC(CC(C)C)C(=O)N)NC(=O)CNC(=O)C(CC(=O)O)NC(=O)C(Cc1ccccc1)NC(=O)C(Cc1cnc[nH]1)N,0,H-F-D-G-I-F-T-D-S-Y-S-X2075-Y-X2075-K-dQ-M-A-V-K-K-Y-L-A-A-V-L-am
CCC(C)C(C(=O)NC(C)C(=O)NCC(=O)NC(Cc1ccccc1)C(=O)NC(CC(C)C)C(=O)NC(CO)C(=O)NC(CC(=O)N)C(=O)NC(CC(C)C)C(=O)NC(Cc1ccccc1)C(=O)O)NC(=O)C(Cc1cnc[nH]1)NC(=O)C(CO)NC(=O)C(CC(C)C)NC(=O)C(Cc1ccccc1)N,0,F-L-S-H-I-A-G-F-L-S-dN-L-F
CCC(C)C(C(=O)NCC(=O)NC(C)C(=O)NC(C)C(=O)NC(C(C)CC)C(=O)NC(CC(C)C)C(=O)NC(CO)C(=O)NC(C)C(=O)NCC(=O)NC(CCCCN)C(=O)NC(CO)C(=O)NC(C)C(=O)NC(CC(C)C)C(=O)NC(CCCCN)C(=O)NCC(=O)NC(CC(C)C)C(=O)NC(C)C(=O)NC(CCCCN)C(=O)NCC(=O)NC(CC(C)C)C(=O)NC(C)C(=O)NC(CCC(=O)O)C(=O)NC(CC1C=NC=N1)C(=O)NC(Cc1ccccc1)C(=O)N)NC(=O)CN,0,G-I-G-A-A-I-L-S-A-G-K-S-A-L-K-G-L-A-K-G-L-A-E-X-F-am
CCC(C)C(C(=O)NC(CO)C(=O)NC(CO)C(=O)NCC(=O)NC(CC(C)C)C(=O)NC(CO)C(=O)NC(CS)C(=O)N1CCCC1C(=O)NC(CCCCN)C(=O)NCC(=O)NC(Cc1ccccc1)C(=O)N1CCCC1C(=O)NC(CCCCN)C(=O)O)NC(=O)C(CCCCN)NC(=O)C(CS)NC(=O)C(CCCNC(=N)N)NC(=O)C(CS)NC(=O)C(C(C)C)NC(=O)C(C(C)O)NC(=O)C(CO)NC(=O)C(CS)NC(=O)C(CC(C)C)NC(=O)C(CCCCN)NC(=O)C(CCC(=O)N)NC(=O)C(C)NC(=O)CNC(=O)C(CCCNC(=N)N)NC(=O)C(CO)NC(=O)C(CCCNC(=N)N)NC(=O)C(CS)NC(=O)C(CC(C)C)NC(=O)C(CC(=O)N)NC(=O)C(Cc1ccc(cc1)O)NC(=O)C(CS)NC(=O)C(CC(=O)N)NC(=O)C(CCCNC(=N)N)NC(=O)CNC(=O)C(CC(C)C)NC(=O)C(C(C)O)NC(=O)C(C(C)O)NC(=O)C(CCCNC(=N)N)NC(=O)C(CS)NC(=O)C(CS)NC(=O)C(CO)NC(=O)C(CCCCN)N,0,K-S-C-C-R-T-T-L-G-R-dN-C-Y-dN-L-C-R-S-R-G-A-dQ-K-L-C-S-T-V-C-R-C-K-I-S-S-G-L-S-C-P-K-G-F-P-K
CCC(C)C(C(=O)NC(Cc1cnc[nH]1)C(=O)NCC(=O)NC(CC(C)C)C(=O)NC(C(C)CC)C(=O)NC(Cc1cnc[nH]1)C(=O)NCC(=O)NC(Cc1cnc[nH]1)C(=O)NC(Cc1cnc[nH]1)C(=O)C)NC(=O)C(Cc1c[nH]c2ccccc12)NC(=O)C(CCCCN)NC(=O)CNC(=O)C(C(C)C)NC(=O)C(Cc1cnc[nH]1)NC(=O)C(Cc1cnc[nH]1)NC(=O)C(C(C)C)NC(=O)CNC(=O)C(Cc1cnc[nH]1)NC(=O)C(Cc1ccccc1)NC(=O)C(CC(C)C)NC(=O)C(CC(C)C)NC(=O)CNC(=O)C(CC(C)C)NC(=O)C(Cc1ccccc1)N,0,F-L-G-L-L-F-H-G-V-H-H-V-G-K-W-I-H-G-L-I-H-G-H-H
CCC(C)C(C(=O)NCC(=O)NC(CCCCN)C(=O)NC(Cc1ccccc1)C(=O)NC(CC(C)C)C(=O)NC(Cc1cnc[nH]1)C(=O)NC(C)C(=O)NC(C)C(=O)NC(CCCCN)C(=O)NC(CCCCN)C(=O)NC(Cc1ccccc1)C(=O)NC(C)C(=O)NC(CCCCN)C(=O)NC(C)C(=O)NC(Cc1ccccc1)C(=O)NC(C(C)C)C(=O)NC(C)C(=O)NC(CCC(=O)O)C(=O)NC(C(C)CC)C(=O)NC(CCSC)C(=O)NC(CC(=O)N)C(=O)NC(CO)C(=O)N)NC(=O)CN,0,G-I-G-K-F-L-H-A-A-K-K-F-A-K-A-F-V-A-E-I-M-dN-S-am
CCC(C)C(C(=O)NC(Cc1ccccc1)C(=O)NC(CC(=O)O)C(=O)NC(CS)C(=O)NCC(=O)NC(CCC(=O)O)C(=O)NC(C(C)O)C(=O)NC(CS)C(=O)NC(Cc1ccccc1)C(=O)NC(CC(C)C)C(=O)NCC(=O)NC(C(C)O)C(=O)NC(CS)C(=O)NC(Cc1ccc(cc1)O)C(=O)NC(C(C)O)C(=O)N1CCCC1C(=O)NCC(=O)NC(CS)C(=O)NC(CO)C(=O)NC(CS)C(=O)NCC(=O)NC(CC(=O)N)C(=O)NC(Cc1c[nH]c2ccccc12)C(=O)NCC(=O)NC(CC(C)C)C(=O)NC(CS)C(=O)NC(Cc1ccc(cc1)O)C(=O)NCC(=O)NC(C(C)O)C(=O)NC(CC(=O)N)C(=O)O)NC(=O)C(C(C)O)NC(=O)CNC(=O)CN,0,G-G-T-I-F-D-C-G-E-T-C-F-L-G-T-C-Y-T-P-G-C-S-C-G-dN-W-G-L-C-Y-G-T-dN
CCC(C)C(C(=O)NC(CC(C)C)C(=O)NC(CCCCN)C(=O)NC(Cc1ccc(cc1)O)C(=O)NC(CC(C)C)C(=O)N)NC(=O)C(CCCCN)NC(=O)C(CCCCN)NC(=O)C(Cc1ccccc1)NC(=O)C(CC(C)C)NC(=O)C(CCCCN)NC(=O)C(CCCCN)N,0,K-K-L-F-K-K-I-L-K-Y-L-am
CCC(C)C(C(=O)NC(C(C)C)C(=O)NC(CCCCN)C(=O)NC(C)C(=O)NCC(=O)N1CCCC1C(=O)NC(C)C(=O)NC(C(C)CC)C(=O)NC(C)C(=O)NC(C(C)C)C(=O)NC(CC(C)C)C(=O)NCC(=O)NC(CCC(=O)O)C(=O)NC(C)C(=O)NC(CCCCN)C(=O)NC(C)C(=O)NC(CC(C)C)C(=O)NCC(=O)O)NC(=O)CNC(=O)C(CC(=O)N)NC(=O)C(CCCNC(=N)N)NC(=O)C(C(C)CC)NC(=O)C(CC(=O)N)NC(=O)C(CCCNC(=N)N)NC(=O)CNC(=O)C(C(C)C)NC(=O)C(CCCCN)NC(=O)C(CCC(=O)O)NC(=O)C(C(C)CC)NC(=O)C(CCCCN)NC(=O)C(CCCCN)NC(=O)C(Cc1ccccc1)NC(=O)C(C(C)C)NC(=O)C(CCCCN)NC(=O)C(Cc1c[nH]c2ccccc12)NC(=O)C(CCCCN)NC(=O)C1CCCN1C(=O)C(CCSC)N,0,M-P-K-W-K-V-F-K-K-I-E-K-V-G-R-dN-I-R-dN-G-I-V-K-A-G-P-A-I-A-V-L-G-E-A-K-A-L-G
CCC(C)C(C(=O)NC(CC(=O)N)C(=O)NC(Cc1cnc[nH]1)C(=O)NC(CO)C(=O)NC(C)C(=O)NC(CS)C(=O)NC(C)C(=O)NC(C)C(=O)NC(Cc1cnc[nH]1)C(=O)NC(CS)C(=O)NC(CC(C)C)C(=O)NC(CC(C)C)C(=O)NC(CCCNC(=N)N)C(=O)NCC(=O)NC(CC(=O)N)C(=O)NC(CCCNC(=N)N)C(=O)NCC(=O)NCC(=O)NC(Cc1ccc(cc1)O)C(=O)NC(CS)C(=O)NC(CC(=O)N)C(=O)NCC(=O)NC(CCCCN)C(=O)NC(C)C(=O)NC(C(C)C)C(=O)NC(CS)C(=O)NC(C(C)C)C(=O)NC(CS)C(=O)NC(CCCNC(=N)N)C(=O)NC(CC(=O)N)C(=O)O)NC(=O)CNC(=O)C(C(C)O)NC(=O)CNC(=O)C(CO)NC(=O)C(CC(C)C)NC(=O)C(CC(C)C)NC(=O)C(CC(=O)O)NC(=O)C(CS)NC(=O)C(C(C)O)NC(=O)C(C)N,0,A-T-C-D-L-L-S-G-T-G-I-dN-H-S-A-C-A-A-H-C-L-L-R-G-dN-R-G-G-Y-C-dN-G-K-A-V-C-V-C-R-dN
CC(C)CC(C(=O)NC1CSSCC(NC(=O)C(NC(=O)C2CSSCC(C(=O)NC(C(=O)NCC(=O)NC(C(=O)NC(C(=O)N2)Cc2ccccc2)CCCNC(=N)N)CCCNC(=N)N)NC(=O)C(NC1=O)Cc1ccc(cc1)O)C(C)C)C(=O)NC(C(C)C)C(=O)NCC(=O)NC(CCCNC(=N)N)C(=O)N)NC(=O)CNC(=O)CNC(=O)C(CCCNC(=N)N)N,0,"R-G-G-L-C(18,3)-Y-C(19,3)-R-G-R-F-C(19,3)-V-C(18,3)-V-G-R-am"
CCC(C)C(C(=O)NC(CCCCN)C(=O)NC(CC(C)C)C(=O)NC(C)C(=O)NC(CC(C)C)C(=O)O)NC(=O)C(C)NC(=O)C(C(C)O)NC(=O)C(CCCCN)NC(=O)C(C)NC(=O)C(C(C)CC)NC(=O)C(CCCCN)NC(=O)CNC(=O)C(C)NC(=O)C(C(C)CC)NC(=O)C(C(C)O)NC(=O)CNC(=O)C(C)NC(=O)C(CCCCN)NC(=O)C(CO)NC(=O)C(C)NC(=O)C(CCSC)NC(=O)CN,0,G-M-A-S-K-A-G-T-I-A-G-K-I-A-K-T-A-I-K-L-A-L
CCC(C)C(C(=O)NC(CCCCN)C(=O)NC(C(C)O)C(=O)NC(C)C(=O)NCC(=O)NC(CCCCN)C(=O)NC(CO)C(=O)NC(C(C)C)C(=O)NC(C)C(=O)NC(CCCCN)C(=O)NC(C)C(=O)NC(C)C(=O)NC(C)C(=O)NC(CCCCN)C(=O)NC(C)C(=O)NC(C)C(=O)NC(C(C)C)C(=O)NC(CCCCN)C(=O)NC(C)C(=O)NC(C(C)C)C(=O)NC(C(C)O)C(=O)NC(CC(=O)N)C(=O)NC(C)C(=O)NC(C(C)C)C(=O)O)NC(=O)C(CCCCN)NC(=O)C(CO)NC(=O)C(Cc1c[nH]c2ccccc12)NC(=O)C(CC(C)C)NC(=O)CN,0,G-L-W-S-K-I-K-T-A-G-K-S-V-A-K-A-A-A-K-A-A-V-K-A-V-T-dN-A-V
CCCCC(C(=O)NC(CCC(=O)O)C(=O)NC(Cc1cnc[nH]1)C(=O)NC(Cc1ccccc1)C(=O)NC(CCCNC(=N)N)C(=O)NC(Cc1c[nH]c2ccccc12)C(=O)NCC(=O)NC(CCCCN)C(=O)N1CCCC1C(=O)NC(C(C)C)C(=O)N)NC(=O)C(CO)NC(=O)C(Cc1ccccc1)NC(=O)C(CO)NC(=O)C,0,ac-S-F-S-Aca-E-H-F-R-W-G-K-P-V-am
CCC(C)C(C(=O)NC(C)C(=O)NC(CCCCN)C(=O)NC(C)C(=O)NC(C)C(=O)NC(CC(C)C)C(=O)N1CCCC1C(=O)O)NC(=O)C1CCCN1C(=O)C(CC(C)C)NC(=O)C(C)NC(=O)C(C(C)CC)NC(=O)C(CCCCN)NC(=O)CNC(=O)C(C(C)CC)NC(=O)C(CCCCN)NC(=O)C(CCCCN)NC(=O)C(C)NC(=O)C(C(C)C)NC(=O)C1CCCN1C(=O)C(CC(C)C)NC(=O)C(C)NC(=O)C(CCCCN)NC(=O)C(CCCCN)NC(=O)C(CC(C)C)NC(=O)C(C)NC(=O)C(CO)NC(=O)CNC(=O)C(C(C)CC)NC(=O)C(CO)N,0,S-I-G-S-A-L-K-K-A-L-P-V-A-K-K-I-G-K-I-A-L-P-I-A-K-A-A-L-P
CCC(C)C(C(=O)NC(CCCNC(=N)N)C(=O)NC(C(C)C)C(=O)O)NC(=O)C1CCCN1C(=O)C(CCCNC(=N)N)NC(=O)C1CCCN1C(=O)C(Cc1cnc[nH]1)NC(=O)C(CO)NC(=O)C(C(C)O)NC(=O)C1CCCN1C(=O)C(CCCNC(=N)N)NC(=O)C1CCCN1C(=O)C(CO)NC(=O)C(Cc1ccc(cc1)O)NC(=O)C1CCCN1C(=O)C(CCCNC(=N)N)NC(=O)C1CCCN1C(=O)C(CCCCN)NC(=O)CN,0,G-K-P-R-P-Y-S-P-R-P-T-S-H-P-R-P-I-R-V
CCC(C)C(C(=O)NC(C(C)C)C(=O)NC(CO)C(=O)NC(Cc1c[nH]c2ccccc12)C(=O)NC(C)C(=O)NC(CCCCN)C(=O)NC(CCCCN)C(=O)NC(C(C)C)C(=O)NC(CC(C)C)C(=O)N)NC(=O)C(CO)NC(=O)C(CCCCN)NC(=O)C(CC(C)C)NC(=O)C(CCCCN)NC(=O)C(CC(C)C)N,0,L-K-L-K-S-I-V-S-W-A-K-K-V-L-am
CCC(C)C(C(=O)NC(C(C)CC)C(=O)NC(CC(=O)O)C(=O)NC(CC(C)C)C(=O)NC(CC(C)C)C(=O)NC(Cc1c[nH]c2ccccc12)C(=O)NC(CCCNC(=N)N)C(=O)NC(C(C)C)C(=O)NC(CCCNC(=N)N)C(=O)NC(CCCNC(=N)N)C(=O)N1CCCC1C(=O)NC(CCC(=O)N)C(=O)NC(CCCCN)C(=O)N1CCCC1C(=O)NC(CCCCN)C(=O)NC(Cc1ccccc1)C(=O)NC(C(C)C)C(=O)NC(C(C)O)C(=O)NC(C(C)C)C(=O)NC(Cc1c[nH]c2ccccc12)C(=O)NC(C(C)C)C(=O)NC(CCCNC(=N)N)C(=O)N)NC(=O)C(CCCNC(=N)N)N,0,R-I-I-D-L-L-W-R-V-R-R-P-dQ-K-P-K-F-V-T-V-W-V-R-am
CCC(C)C(C(=O)NC(Cc1ccccc1)C(=O)NC(C(C)O)C(=O)NC(CC(=O)O)C(=O)NC(CO)C(=O)NC(Cc1ccc(cc1)O)C(=O)NC(CO)C(=O)NC(CCCN=C(N)N)C(=O)NC(Cc1ccc(cc1)O)C(=O)NC(CCCN=C(N)N)C(=O)NC(CCCCN)C(=O)NC(CCC(=O)N)C(=O)NC(CCSC)C(=O)NC(C)C(=O)NC(C(C)C)C(=O)NC(CCCCN)C(=O)NC(CCCCN)C(=O)NC(Cc1ccc(cc1)O)C(=O)NC(CC(C)C)C(=O)NC(C)C(=O)NC(C)C(=O)NC(C(C)C)C(=O)NC(CC(C)C)C(=O)N)NC(=O)CNC(=O)C(CCC(=O)O)NC(=O)C(CCCCN=C(N)N)NC(=O)C(Cc1cnc[nH]1)N,0,H-X2075-E-G-I-F-T-D-S-Y-S-X2075-Y-X2075-K-dQ-M-A-V-K-K-Y-L-A-A-V-L-am
CCC(C)C(C(=O)NC(C)C(=O)NC(CO)C(=O)NC(CCSC)C(=O)NC(CC(C)C)C(=O)NCC(=O)NC(CCCCN)C(=O)NC(Cc1ccccc1)C(=O)NC(CC(C)C)C(=O)N)NC(=O)C(C)NC(=O)C(CO)NC(=O)C(C(C)CC)NC(=O)C(Cc1ccccc1)N,0,F-I-S-A-I-A-S-M-L-G-K-F-L-am
c1ccc(cc1)CC(C(=O)NC(CC1C=NC=N1)C(=O)NC(CCC(=O)O)C(=O)NC(CCCCN)C(=O)NC(CC1C=NC=N1)C(=O)NC(CC1C=NC=N1)C(=O)NC(CO)C(=O)NC(CC1C=NC=N1)C(=O)NC(CCCNC(=N)N)C(=O)NCC(=O)NC(Cc1ccc(cc1)O)C(=O)O)NC(=O)C(CCCCN)N,0,K-F-X-E-K-X-X-S-X-R-G-Y
CCC(C)C(C(=O)NC(C(C)CC)C(=O)NC(CO)C(=O)NC(CO)C(=O)N1CCCC1C(=O)NCC(=O)NCC(=O)NC(CCCCN)C(=O)NC(C(C)O)C(=O)NC(CC(C)C)C(=O)NC(CC(C)C)C(=O)NC(CO)C(=O)NC(C)C(=O)NC(C(C)C)C(=O)NCC(=O)NC(CO)C(=O)NC(C)C(=O)NC(CC(C)C)C(=O)NC(CO)C(=O)NC(CO)C(=O)NC(CO)C(=O)NCC(=O)NCC(=O)NC(CCC(=O)N)C(=O)NC(CCC(=O)O)C(=O)O)NC(=O)C(CCCCN)NC(=O)C1CCCN1C(=O)C(C(C)CC)NC(=O)C(CC(C)C)NC(=O)C(C)NC(=O)C(Cc1ccccc1)NC(=O)C(Cc1ccccc1)NC(=O)CN,0,G-F-F-A-L-I-P-K-I-I-S-S-P-G-G-K-T-L-L-S-A-V-G-S-A-L-S-S-S-G-G-dQ-E
CC(C)CC(C(=O)NC(CCCN=C(N)N)C(=O)NC(CCC(=O)N)C(=O)NC(CO)C(=O)NC(CCC(=O)N)C(=O)NC(Cc1ccccc1)C(=O)NC(C(C)C)C(=O)NCC(=O)NC(CO)C(=O)NC(CCCN=C(N)N)C(=O)N)N,0,L-X2075-dQ-S-dQ-F-V-G-S-X2075-am
CCC(C)C(C(=O)NCC(=O)NC(CCCCN)C(=O)NC(C)C(=O)NC(CC(C)C)C(=O)NCC(=O)NCC(=O)NC(CC(C)C)C(=O)NC(CC(C)C)C(=O)NC(C)C(=O)NC(CC(=O)O)C(=O)NC(C(C)C)C(=O)NC(C(C)C)C(=O)NC(CCCCN)C(=O)NC(CO)C(=O)NC(CCCCN)C(=O)NCC(=O)NC(CCC(=O)N)C(=O)N1CCCC1C(=O)NC(C)C(=O)O)NC(=O)C(CO)NC(=O)C(CO)NC(=O)C(C(C)C)NC(=O)C(CC(C)C)NC(=O)CN,0,G-L-V-S-S-I-G-K-A-L-G-G-L-L-A-D-V-V-K-S-K-G-dQ-P-A
CCC(C)C(C(=O)NC(CCCCN)C(=O)NC(CC(=O)O)C(=O)NC(Cc1ccccc1)C(=O)NC(CC(C)C)C(=O)NC(CCCN=C(N)N)C(=O)N)NC(=O)C(CCCN=C(N)N)NC(=O)C(CCC(=O)N)NC(=O)C(C(C)C)NC(=O)C(C(C)CC)NC(=O)C(CCCN=C(N)N)NC(=O)C(CCCCN)N,0,K-X2075-I-V-dQ-X2075-I-K-D-F-L-X2075-am
CCC(C)C(C(=O)NCC(=O)NC(CCCCN)C(=O)NC(Cc1ccccc1)C(=O)NC(CC(C)C)C(=O)NC(Cc1c[nH]cn1)C(=O)NC(CO)C(=O)NC(C)C(=O)NCC(=O)NC(CCCCN)C(=O)NC(Cc1ccccc1)C(=O)NCC(=O)NC(CCCCN)C(=O)NC(C)C(=O)NC(Cc1ccccc1)C(=O)NC(C(C)C)C(=O)NCC(=O)NC(CCC(=O)O)C(=O)NC(C(C)CC)C(=O)NC(CCSC)C(=O)NC(CCCCN)C(=O)NC(CO)C(=O)O)NC(=O)CN,0,G-I-G-K-F-L-H-S-A-G-K-F-G-K-A-F-V-G-E-I-M-K-S
CCC(C)C(C(=O)NC(CC(C)C)C(=O)O)NC(=O)C(Cc1c[nH]c2ccccc12)NC(=O)C1CCCN1C(=O)C(CCCN=C(N)N)NC(=O)C(CCCCN)NC(=O)CNC(=O)C1CCC(=O)N1,0,"L(1,1).I(1,2)(2,1).W(2,2)(3,1).P(3,2)(4,1).X2075(4,2)(5,1).K(5,2)(6,1).G(6,2)(7,1).E(7,2)(8,1)(8,2)"
CC(C)CC(C(=O)NC(C(C)O)C(=O)NC(Cc1cnc[nH]1)C(=O)NC(Cc1ccc(cc1)O)C(=O)NC(CC(C)C)C(=O)O)NC(=O)C(C)NC(=O)C(C)NC(=O)C(CCCCN)NC(=O)CNC(=O)C(C(C)C)NC(=O)C(Cc1cnc[nH]1)NC(=O)C(CCCCN)NC(=O)CNC(=O)C(C(C)C)NC(=O)C(Cc1cnc[nH]1)NC(=O)C(C)NC(=O)C(C)NC(=O)C(CCCCN)NC(=O)C(CCCCN)NC(=O)C(Cc1ccccc1)NC(=O)C(Cc1ccccc1)NC(=O)C(CO)NC(=O)CNC(=O)C(Cc1c[nH]c2ccccc12)NC(=O)CN,0,G-W-G-S-F-F-K-K-A-A-H-V-G-K-H-V-G-K-A-A-L-T-H-Y-L
CCC(C)C(C(=O)NC(C(C)CC)C(=O)NC(CCCCN)C(=O)NC(CCCCN)C(=O)NC(C(C)C)C(=O)NC(C)C(=O)NC(CO)C(=O)NC(C(C)C)C(=O)NC(C(C)C)C(=O)NCC(=O)NCC(=O)NC(CC(C)C)C(=O)N)NC(=O)C(CC(=O)O)NC(=O)C(Cc1ccccc1)NC(=O)C(CC(C)C)NC(=O)CN,0,G-L-F-D-I-I-K-K-V-A-S-V-V-G-G-L-am
CCC(C)C(C(=O)NC(CC(=O)O)C(=O)NC(C)C(=O)NC(C)C(=O)NC(CCCCN)C(=O)NC(CCCCN)C(=O)NC(Cc1c[nH]c2ccccc12)C(=O)NC(CC(=O)N)C(=O)NC(C(C)C)C(=O)NC(CC(C)C)C(=O)NC(CCCCN)C(=O)NC(CC(=O)N)C(=O)NC(CC(C)C)C(=O)NC(Cc1ccccc1)C(=O)N)NC(=O)C(C(C)C)NC(=O)CN,0,G-V-I-D-A-A-K-K-W-dN-V-L-K-dN-L-F-am
CCC(C)C(C(=O)NC(Cc1ccccc1)C(=O)NCC(=O)NC(C)C(=O)NC(C(C)CC)C(=O)NC(C)C(=O)NCC(=O)NC(CC(C)C)C(=O)NC(CC(C)C)C(=O)NC(CCCCN)C(=O)NC(CC(=O)N)C(=O)NC(C(C)CC)C(=O)NC(Cc1ccccc1)C(=O)N)N,0,I-F-G-A-I-A-G-L-L-K-dN-I-F-am
CCC(C)C(C(=O)NC(CC(=O)N)C(=O)NC(CC(C)C)C(=O)NC(CCCCN)C(=O)NC(C)C(=O)NC(C(C)CC)C(=O)NC(C)C(=O)NC(C)C(=O)NC(Cc1ccccc1)C(=O)NC(C)C(=O)NC(CCCCN)C(=O)NC(CCCCN)C(=O)NC(CC(C)C)C(=O)NC(CC(C)C)C(=O)N)N,0,I-dN-L-K-A-I-A-A-F-A-K-K-L-L-am
CC(C)C(C(=O)NC(C)C(=O)NC(Cc1cnc[nH]1)C(=O)NC(CS)C(=O)NC(C)C(=O)NC(CO)C(=O)NC(CCC(=O)N)C(=O)N)NC(=O)C(CCCCN)NC(=O)C1CCCN1C(=O)C(CC(=O)N)NC(=O)C(CCC=O)N,0,X2475-dN-P-K-V-A-H-C-A-S-dQ-am
CC(C)CC(C(=O)C)NC(=O)C(Cc1ccc(cc1)O)NC(=O)C(Cc1cnc[nH]1)NC(=O)C(CC(=O)O)NC(=O)C(CC(C)C)NC(=O)C(C)NC(=O)C(CC(C)C)NC(=O)CNC(=O)CNC(=O)C(C(C)C)NC(=O)C(C(C)O)NC(=O)C(CCCCN)NC(=O)CNC(=O)C(C(C)C)NC(=O)C(CCCCN)NC(=O)C(CCCCN)NC(=O)C(C)NC(=O)C(CCCCN)NC(=O)C(CCCNC(=N)N)NC(=O)C(Cc1ccccc1)NC(=O)C(C(C)C)NC(=O)C(CO)NC(=O)C(CCCCN)NC(=O)C(Cc1c[nH]c2ccccc12)NC(=O)CN,0,G-W-K-S-V-F-R-K-A-K-K-V-G-K-T-V-G-G-L-A-L-D-H-Y-L
CCC(C)C(C(=O)NC1CSSCC(NC(=O)C(NC(=O)C(NC(=O)C(NC(=O)C(NC(=O)C(NC1=O)C)C(C)C)C(C)O)CCCCN)CCCCN)C(=O)O)NC(=O)C(CCSC)NC(=O)C(C)NC(=O)C1CCCN1C(=O)C(C(C)C)NC(=O)C(C(C)CC)NC(=O)C(CCCCN)NC(=O)C(C(C)CC)NC(=O)C(CC(C)C)NC(=O)CNC(=O)CNC(=O)C(CC(C)C)NC(=O)C(Cc1ccccc1)N,0,"F-L-G-G-L-I-K-I-V-P-A-M-I-C(20,3)-A-V-T-K-K-C(20,3)"
CCC(C)C(C(=O)N)NC(=O)C(CC(C)C)NC(=O)C(CC(=O)O)NC(=O)C(CO)NC(=O)C(C(C)CC)NC(=O)C(C)NC(=O)C(CCCCN)NC(=O)C(C(C)C)NC(=O)C(C)NC(=O)C(Cc1cnc[nH]1)NC(=O)C1CCCN1C(=O)C(C(C)CC)NC(=O)C(CC(C)C)NC(=O)C1CCCN1C(=O)CNC(=O)C(C(C)CC)NC(=O)C(Cc1ccc(cc1)O)NC(=O)C(CCCCN)NC(=O)C(CCSC)NC(=O)C(Cc1ccccc1)NC(=O)CN,0,G-F-M-K-Y-I-G-P-L-I-P-H-A-V-K-A-I-S-D-L-I-am
CCC(C)C(C(=O)NC(CC(=O)N)C(=O)NC(CC(C)C)C(=O)NC(CCCCN)C(=O)NC(C)C(=O)NC(C(C)CC)C(=O)NC(C)C(=O)NC(C)C(=O)NC(CC(C)C)C(=O)NC(C)C(=O)NC(CCCCN)C(=O)NC(CCCCN)C(=O)NC(C(C)C)C(=O)NC(Cc1ccccc1)C(=O)N)N,0,I-dN-L-K-A-I-A-A-L-A-K-K-V-F-am
CC(C)CC(C(=O)NC(C)C(=O)NC(C)C(=O)NC(C(C)C)C(=O)NC(CC(C)C)C(=O)NCC(=O)NC(CCCCN)C(=O)NC(CCCN=C(N)N)C(=O)NC(Cc1ccc(cc1)O)C(=O)NC(CCCCN)C(=O)NC(CCC(=O)N)C(=O)NC(CCCN=C(N)N)C(=O)NC(C(C)C)C(=O)N)NC(=O)C(Cc1ccc(cc1)O)NC(=O)C(CCCCN)NC(=O)C(CCCCN)NC(=O)C(C(C)C)NC(=O)C(C)NC(=O)C(CCSC)NC(=O)C(CCC(=O)N)NC(=O)C(CCCCN)NC(=O)C(CCCN=C(N)N)NC(=O)C(Cc1ccc(cc1)O)NC(=O)C(CCCN=C(N)N)NC(=O)C(CO)NC(=O)C(Cc1ccc(cc1)O)NC(=O)C(CO)NC(=O)C(CC(=O)O)NC(=O)C(C(C)O)NC(=O)C(Cc1ccccc1)N,0,F-T-D-S-Y-S-X2075-Y-X2075-K-dQ-M-A-V-K-K-Y-L-A-A-V-L-G-K-X2075-Y-K-dQ-X2075-V-am
CC(C(=O)NC(CCCCN)C(=O)NC(CCCNC(=N)N)C(=O)NC(Cc1cnc[nH]1)C(=O)NC(Cc1cnc[nH]1)C(=O)NCC(=O)NC(Cc1ccc(cc1)O)C(=O)NC(CCCCN)C(=O)NC(CCCNC(=N)N)C(=O)NC(CCCCN)C(=O)NC(Cc1ccccc1)C(=O)NC(Cc1cnc[nH]1)C(=O)NC(CCC(=O)O)C(=O)NC(CCCCN)C(=O)NC(Cc1cnc[nH]1)C(=O)NC(Cc1cnc[nH]1)C(=O)NC(CO)C(=O)NC(Cc1cnc[nH]1)C(=O)NC(CCCNC(=N)N)C(=O)NCC(=O)NC(Cc1ccc(cc1)O)C(=O)O)NC(=O)C(Cc1cnc[nH]1)NC(=O)C(CO)NC(=O)C(CC(=O)O)N,0,D-S-H-A-K-R-H-H-G-Y-K-R-K-F-H-E-K-H-H-S-H-R-G-Y
CC(C)CC(C(=O)NC(C)C(=O)NC(C)C(=O)NC(C(C)C)C(=O)NC(CC(C)C)C(=O)NCC(=O)NC(CCCCN)C(=O)NC(CCCN=C(N)N)C(=O)NC(Cc1ccc(cc1)O)C(=O)NC)NC(=O)C(Cc1ccc(cc1)O)NC(=O)C(CCCCN)NC(=O)C(CCCCN)NC(=O)C(C(C)C)NC(=O)C(C)NC(=O)C(CCSC)NC(=O)C(CCC(=O)N)NC(=O)C(CCCCN)NC(=O)C(CCCN=C(N)N)NC(=O)C(Cc1ccc(cc1)O)NC(=O)C(CCCN=C(N)N)NC(=O)C(CO)NC(=O)C(Cc1ccc(cc1)O)NC(=O)C(CO)NC(=O)C(CC(=O)O)NC(=O)C(C(C)O)NC(=O)C(Cc1ccccc1)N,0,F-T-D-S-Y-S-X2075-Y-X2075-K-dQ-M-A-V-K-K-Y-L-A-A-V-L-G-K-X2075-Y-am
CC(C)C1C(=O)NC2CSSCC(C(=O)NC(C(=O)NC(C(=O)NC(C(=O)NC(CSSCC(C(=O)NC(C(=O)NC(C(=O)N1)CCCNC(=N)N)Cc1ccccc1)NC(=O)C(Cc1c[nH]c3ccccc13)NC(=O)C(CCCNC(=N)N)NC(=O)C(CCCNC(=N)N)N)C(=O)NC(CCCNC(=N)N)C(=O)N)CCCCN)CCCNC(=N)N)Cc1ccc(cc1)O)NC(=O)C(NC(=O)CNC(=O)C(NC(=O)C(NC2=O)Cc1ccc(cc1)O)CCCCN)Cc1ccccc1,0,"R-R-W-C(20,3)-F-R-V-C(19,3)-Y-K-G-F-C(19,3)-Y-R-K-C(20,3)-R-am"
CCC(C)C(C(=O)NC(C)C(=O)NC(CCC(=O)O)C(=O)NC(CCCCN)C(=O)NC(Cc1ccccc1)C(=O)NC(CO)C(=O)NCC(=O)NC(C(C)O)C(=O)NC(CCCN=C(N)N)C(=O)NC(CCCN=C(N)N)C(=O)NCC(=O)O)NC(=O)C(CCCCN)NC(=O)C(CCC(=O)N)N,0,dQ-K-I-A-E-K-F-S-G-T-X2075-X2075-G
CCC(C)C(C(=O)NCC(=O)NC(CCCCN)C(=O)NC(Cc1ccccc1)C(=O)NC(CC(C)C)C(=O)NC(Cc1c[nH]cn1)C(=O)NC(CO)C(=O)NC(C)C(=O)NC(CCCCN)C(=O)NC(CCCCN)C(=O)NC(Cc1ccccc1)C(=O)NCC(=O)NC(CCCCN)C(=O)NC(C)C(=O)NC(Cc1ccccc1)C(=O)NC(C(C)C)C(=O)NCC(=O)NC(CCC(=O)O)C(=O)NC(C(C)CC)C(=O)NC(CCSC)C(=O)NC(CC(=O)N)C(=O)NC(CO)C(=O)N)NC(=O)CN,0,G-I-G-K-F-L-H-S-A-K-K-F-G-K-A-F-V-G-E-I-M-dN-S-am
CC(C)CC(C(=O)NC(Cc1c[nH]c2ccccc12)C(=O)NC(CCSC)C(=O)NC(C(C)O)C(=O)NC(CC(C)C)C(=O)NC(CC(C)C)C(=O)NC(CCCCN)C(=O)NC(CCCCN)C(=O)NC(C(C)C)C(=O)NC(CC(C)C)C(=O)NC(CCCCN)C(=O)NC(C)C(=O)NC(C)C(=O)NC(C)C(=O)NC(CCCCN)C(=O)NC(C)C(=O)NC(C)C(=O)NC(CC(C)C)C(=O)NC(CC(=O)N)C(=O)NC(C)C(=O)NC(C(C)C)C(=O)NC(CC(C)C)C(=O)NC(C(C)C)C(=O)NCC(=O)NC(C)C(=O)NC(CC(=O)N)C(=O)NC(C)C(=O)O)NC(=O)C(C)N,0,A-L-W-M-T-L-L-K-K-V-L-K-A-A-A-K-A-A-L-dN-A-V-L-V-G-A-dN-A
CCC(C)C(C(=O)NC(CCCCN)C(=O)NC(Cc1ccccc1)C(=O)NC(CCCNC(=N)N)C(=O)NC(CS)C(=O)NC(CCCCN)C(=O)NC(CO)C(=O)NC(CC(C)C)C(=O)NC(CCCCN)C(=O)NC(Cc1ccccc1)C(=O)O)NC(=O)C(CCCCN)NC(=O)C(C(C)CC)NC(=O)C(Cc1c[nH]c2ccccc12)NC(=O)C(CS)NC(=O)C(CCCNC(=N)N)NC(=O)C1CCCN1C(=O)C(CCCNC(=N)N)NC(=O)C(CC(C)C)NC(=O)C(CO)NC(=O)C(CCCCN)N,0,K-S-L-R-P-R-C-W-I-K-I-K-F-R-C-K-S-L-K-F
CCC(C)C(C(=O)NC(CC(=O)N)C(=O)NC(CC(C)C)C(=O)NC(CCCCN)C(=O)NC(C)C(=O)NC(CC(C)C)C(=O)NC(C)C(=O)NC(C)C(=O)NC(CC(C)C)C(=O)NC(C)C(=O)NC(CCCCN)C(=O)NC(CCCCN)C(=O)NC(C(C)CC)C(=O)NC(CC(C)C)C(=O)N)N,0,I-dN-L-K-A-L-A-A-L-A-K-K-I-L-am
CCC(C)C1C(=O)NC(C(=O)NCC(=O)NC(C(=O)NC(C(=O)NC(C(=O)NC(C(=O)NCC(=O)NC(C(=O)NC2CSSCC3C(=O)NC(C(=O)NC(C(=O)N4CCCC4C(=O)NC(C(=O)NC(CSSCC(C(=O)NC(CSSCC(C(=O)NC(C(=O)N3)Cc3ccc(cc3)O)NC(=O)C(C(C)O)NC(=O)C(C(C)O)N)C(=O)NC(CCCNC(=N)N)C(=O)NC(CCCNC(=N)N)C(=O)O)NC(=O)C(NC(=O)C(NC(=O)C(NC(=O)C(NC(=O)C(NC(=O)CNC(=O)C(NC(=O)C(NC(=O)C(NC2=O)C(C)CC)Cc2ccc(cc2)O)CCC(=O)N)CCCNC(=N)N)CC(C)C)Cc2c[nH]c3ccccc23)C)Cc2ccccc2)C(=O)N1)C)C(C)CC)CCCNC(=N)N)C(C)O)Cc1ccc(cc1)O)CCCNC(=N)N)CCCNC(=N)N)CCC(=O)O)C,0,"T-T-C(35,3)-Y-C(33,3)-R-I-P-A-C(34,3)-I-A-G-E-R-R-Y-G-T-C(33,3)-I-Y-dQ-G-R-L-W-A-F-C(34,3)-C(35,3)-R-R"
CCC(C)C1C(=O)NC(C(=O)NCC(=O)NC(C(=O)NC(C(=O)NC(C(=O)NC(C(=O)NCC(=O)NC(C(=O)NC2CSSCC3C(=O)NC(C(=O)NC(C(=O)N4CCCC4C(=O)NC(C(=O)NC(CSSCC(C(=O)NC(CSSCC(C(=O)NC(C(=O)N3)Cc3ccc(cc3)O)NC(=O)C(CC(=O)O)NC(=O)C(CC(=O)O)N)C(=O)NC(CC(=O)O)C(=O)NC(CC(=O)O)C(=O)O)NC(=O)C(NC(=O)C(NC(=O)C(NC(=O)C(NC(=O)C(NC(=O)CNC(=O)C(NC(=O)C(NC(=O)C(NC2=O)C(C)CC)Cc2ccc(cc2)O)CCC(=O)N)CCCNC(=N)N)CC(C)C)Cc2c[nH]c3ccccc23)C)Cc2ccccc2)C(=O)N1)C)C(C)CC)CCCNC(=N)N)C(C)O)Cc1ccc(cc1)O)CCCNC(=N)N)CCCNC(=N)N)CCC(=O)O)C,0,"D-D-C(35,3)-Y-C(33,3)-R-I-P-A-C(34,3)-I-A-G-E-R-R-Y-G-T-C(33,3)-I-Y-dQ-G-R-L-W-A-F-C(34,3)-C(35,3)-D-D"
CCC(C)C1C(=O)NC(C(=O)NC2CSSCC3C(=O)NC4CSSCC(C(=O)NC(CSSCC(C(=O)N1)NC(=O)C(C(C)CC)NC(=O)C1CCCN1C(=O)C(Cc1ccccc1)NC(=O)C(Cc1c[nH]cn1)NC(=O)C(C(C)O)NC(=O)C(CC(=O)O)N)C(=O)NC(CCCCN)C(=O)NC(C(C)O)C(=O)O)NC(=O)C(NC(=O)CNC(=O)C(CSSCC(C(=O)NCC(=O)N3)NC2=O)NC(=O)C(NC(=O)C(NC(=O)C(NC(=O)C(NC4=O)Cc1c[nH]cn1)CCCNC(=N)N)CO)CCCCN)CCSC)Cc1ccccc1,0,"D-T-H-F-P-I-C(27,3)-I-F-C(25,3)-C(28,3)-G-C(25,3)-C(26,3)-H-R-S-K-C(28,3)-G-M-C(26,3)-C(27,3)-K-T"
CCC(C)C(C(=O)NC(C(C)O)C(=O)NC(CO)C(=O)NC(Cc1ccccc1)C(=O)NC(CC(C)C)C(=O)NC(CO)C(=O)NC(CCCCN)C(=O)NC(C(C)C)C(=O)NC(CC(C)C)C(=O)O)NC(=O)C(CC(C)C)NC(=O)C1CCCN1C(=O)C(Cc1ccccc1)NC(=O)C(CC(C)C)NC(=O)C(Cc1ccccc1)N,0,F-L-F-P-L-I-T-S-F-L-S-K-V-L
CCC(C)C(C(=O)NCC(=O)NC(CCCCN)C(=O)NCC(=O)NC(C(C)C)C(=O)NC(CCCCN)C(=O)NC(C(C)CC)C(=O)NC(C(C)CC)C(=O)NCC(=O)NCC(=O)NC(C)C(=O)NC(C)C(=O)NC(CC(C)C)C(=O)NC(CC(=O)O)C(=O)NC(Cc1cnc[nH]1)C(=O)NC(CC(C)C)C(=O)C)NC(=O)C(CCCNC(=N)N)NC(=O)C(CCCNC(=N)N)NC(=O)C(CC(C)C)NC(=O)C(Cc1c[nH]c2ccccc12)N,0,W-L-R-R-I-G-K-G-V-K-I-I-G-G-A-A-L-D-H-L
CCC(C)C(C(=O)NC(CS)C(=O)NC(C)C(=O)NC(CS)C(=O)NC(CCCNC(=N)N)C(=O)NC(CCCNC(=N)N)C(=O)NC(CCCNC(=N)N)C(=O)NC(Cc1ccccc1)C(=O)NC(CS)C(=O)N1CCCC1C(=O)NC(CC(=O)N)C(=O)NC(CO)C(=O)NC(CCC(=O)N)C(=O)NC(CCCNC(=N)N)C(=O)NC(Cc1ccccc1)C(=O)NC(CO)C(=O)NCC(=O)NC(Cc1ccc(cc1)O)C(=O)NC(CS)C(=O)NC(CCCNC(=N)N)C(=O)NC(C(C)C)C(=O)NC(CC(=O)N)C(=O)NCC(=O)NC(C)C(=O)NC(CCCNC(=N)N)C(Cc1ccc(cc1)O)C(=O)NC(C(C)C)C(=O)NC(CCCNC(=N)N)C(=O)NC(CS)C(=O)NC(CS)C(=O)NC(CO)C(=O)NC(CCCNC(=N)N)C(=O)NC(CCCNC(=N)N)C(=O)O)NC(=O)CN,0,G-I-C-A-C-R-R-R-F-C-P-dN-S-dQ-R-F-S-G-Y-C-R-V-dN-G-A-X-V-R-C-C-S-R-R
CCC(C)C(C(=O)NC(CC(=O)N)C(=O)NC(CC(C)C)C(=O)NC(CCCCN)C(=O)NC(C)C(=O)NC(CC(C)C)C(=O)NC(C)C(=O)NC(C)C(=O)NC(CC(C)C)C(=O)NC(C)C(=O)NC(CCCCN)C(=O)NC(CCCCN)C(=O)NC(C(C)CC)C(=O)NC(CC(C)C)C(=O)N)NC(=O)C1CCCN1C(=O)CNC(=O)C(CC(C)C)NC(=O)C(CC(C)C)NC(=O)C(Cc1ccc(cc1)O)NC(=O)CNC(=O)C(C)NC(=O)C(CO)NC(=O)C(CC(=O)N)NC(=O)C(CC(C)C)NC(=O)C(C(C)O)NC(=O)C(Cc1c[nH]c2ccccc12)NC(=O)CN,0,G-W-T-L-dN-S-A-G-Y-L-L-G-P-I-dN-L-K-A-L-A-A-L-A-K-K-I-L-am
CCC(C)C(C(=O)NC(Cc1ccccc1)C(=O)NC(C(C)O)C(=O)NC(CC(=O)O)C(=O)NC(CO)C(=O)NC(Cc1ccc(cc1)O)C(=O)NC(CO)C(=O)NC(CCCN=C(N)N)C(=O)NC(Cc1ccc(cc1)O)C(=O)NC(CCCN=C(N)N)C(=O)NC(CCCCN)C(=O)NC(CCC(=O)N)C(=O)NC(CCSC)C(=O)NC(C)C(=O)NC(C(C)C)C(=O)NC(CCCCN)C(=O)NC(CCCCN)C(=O)NC(Cc1ccc(cc1)O)C(=O)NC(CC(C)C)C(=O)NC(C)C(=O)NC(C)C(=O)NC(C(C)C)C(=O)NC(CC(C)C)C(=O)NCC(=O)NC(CCCCN)C(=O)NC(CCCN=C(N)N)C(=O)NC(Cc1ccc(cc1)O)C(=O)NC(CCCCN)C(=O)NC(CCC(=O)N)C(=O)NC(CCCN=C(N)N)C(=O)NC(C(C)C)C(=O)NC(CCCCN)C(=O)NC(CC(=O)N)C(=O)NC(CCCCN)C(=O)N)NC(=O)CNC(=O)C(CC(=O)O)NC(=O)C(Cc1ccccc1)NC(=O)C(Cc1cnc[nH]1)NC(=O)C,0,ac-H-F-D-G-I-F-T-D-S-Y-S-X2075-Y-X2075-K-dQ-M-A-V-K-K-Y-L-A-A-V-L-G-K-X2075-Y-K-dQ-X2075-V-K-dN-K-am
CCC(C)C(C(=O)NC(C)C(=O)NC(C)C(=O)NC(CCCCN)C(=O)NC(C(C)C)C(=O)NCC(=O)NC(CO)C(=O)NC(CC(=O)N)C(=O)NC(CC(C)C)C(=O)NC(CC(C)C)C(=O)O)NC(=O)C(CCCCN)NC(=O)C(CC(C)C)NC(=O)C(CC(C)C)NC(=O)C1CCCN1C(=O)CNC(=O)C(CC(C)C)NC(=O)C(CC(C)C)NC(=O)CN,0,G-L-L-G-P-L-L-K-I-A-A-K-V-G-S-dN-L-L
CCCCC(C(=O)NC(CCC(=O)O)C(=O)NC(Cc1cnc[nH]1)C(=O)NC(Cc1ccccc1)C(=O)NC(CCCNC(=N)N)C(=O)NC(Cc1c[nH]c2ccccc12)C(=O)NCC(=O)NC(CCCCN)C(=O)N1CCCC1C(=O)NC(C(C)C)C(=O)N)NC(=O)C(CO)NC(=O)C(Cc1ccc(cc1)O)NC(=O)C(CO)NC(=O)CCCCCCCCCCCNC(=O)CCCCC1C2C(CS1)NC(=O)N2,0,X-X-S-Y-S-Aca-E-H-F-R-W-G-K-P-V-am
CC(C)CC(C(=O)NC(C)C(=O)NC(C)C(=O)NC(C(C)C)C(=O)NC(CC(C)C)C(=O)NCC(=O)NC(CCCCN)C(=O)NC(CCCN=C(N)N)C(=O)NC(Cc1ccc(cc1)O)C(=O)NC(CCCCN)C(=O)NC(CCC(=O)N)C(=O)NC(CCCN=C(N)N)C(=O)NC(C(C)C)C(=O)NC(CCCCN)C(=O)NC(CC(=O)N)C(=O)NC(CCCCN)C(=O)N)NC(=O)C(Cc1ccc(cc1)O)NC(=O)C(CCCCN)NC(=O)C(CCCCN)NC(=O)C(C(C)C)NC(=O)C(C)NC(=O)C(CCSC)NC(=O)C(CCC(=O)N)NC(=O)C(CCCCN)NC(=O)C(CCCN=C(N)N)NC(=O)C(Cc1ccc(cc1)O)NC(=O)C(CCCN=C(N)N)NC(=O)C(CO)NC(=O)C(Cc1ccc(cc1)O)NC(=O)C(CO)NC(=O)C(CC(=O)O)N,0,D-S-Y-S-X2075-Y-X2075-K-dQ-M-A-V-K-K-Y-L-A-A-V-L-G-K-X2075-Y-K-dQ-X2075-V-K-dN-K-am
CCC(C)C(C(=O)NC(Cc1c[nH]c2ccccc12)C(=O)NC(CC(=O)O)C(=O)NC(C(C)O)C(=O)NC(C(C)CC)C(=O)NC(CCCCN)C(=O)NC(CO)C(=O)NC(CCSC)C(=O)NCC(=O)NC(CCCCN)C(=O)NC(C(C)C)C(=O)NC(Cc1ccccc1)C(=O)NC(C)C(=O)NCC(=O)NC(CCCCN)C(=O)NC(C(C)CC)C(=O)NC(CC(C)C)C(=O)NC(CCC(=O)N)C(=O)NC(CC(=O)N)C(=O)NC(CC(C)C)C(=O)N)NC(=O)CN,0,G-I-W-D-T-I-K-S-M-G-K-V-F-A-G-K-I-L-dQ-dN-L-am
CCC(C)C(C(=O)NC(CCCCN)C(=O)NC(C(C)O)C(=O)NC(C)C(=O)NCC(=O)NC(CCCCN)C(=O)NC(CO)C(=O)NC(C(C)C)C(=O)NC(C)C(=O)NC(CCCCN)C(=O)NC(C)C(=O)NC(C)C(=O)NC(C)C(=O)NC(CCCCN)C(=O)NC(C)C(=O)NC(C)C(=O)NC(C(C)C)C(=O)NC(CCCCN)C(=O)NC(C)C(=O)NC(C(C)C)C(=O)NC(C(C)O)C(=O)NC(CC(=O)N)C(=O)NC(C)C(=O)NC(C(C)C)C(=O)O)NC(=O)C(CCCCN)NC(=O)C(CO)NC(=O)C(Cc1c[nH]c2ccccc12)NC(=O)C(CC(C)C)NC(=O)CN,0,G-L-W-S-K-I-K-T-A-G-K-S-V-A-K-A-A-A-K-A-A-V-K-A-V-T-dN-A-V
CC(C)CC(C(=O)NC(C)C(=O)NC(CO)C(=O)NCC(=O)NCC(=O)NC(C(C)C)C(=O)NC(C(C)C)C(=O)N)NC(=O)C(C(C)C)NC(=O)C(C(C)C)NC(=O)C(C(C)O)NC(=O)CNC(=O)C(CS)NC(=O)C(C)NC(=O)CNC(=O)C(C(C)C)NC(=O)C(CS)NC(=O)C(C)NC(=O)C(C(C)C)NC(=O)C(Cc1c[nH]c2ccccc12)NC(=O)CN,0,G-W-V-A-C-V-G-A-C-G-T-V-V-L-A-S-G-G-V-V-am
CCC(C)C(C(=O)NC(C(C)C)C(=O)NCC(=O)NC(CC(=O)N)C(=O)NC(CC(C)C)C(=O)NC(CC(C)C)C(=O)NC(CCCCN)C(=O)NC(CO)C(=O)NC(CC(C)C)C(=O)NC(CC(C)C)C(=O)N)NC(=O)C1CCCN1C(=O)C(CC(C)C)NC(=O)C(CC(C)C)N,0,L-L-P-I-V-G-dN-L-L-K-S-L-L-am
CCC(C)C(C(=O)NC(C(C)C)C(=O)NCC(=O)NC(CC(=O)N)C(=O)NC(CC(C)C)C(=O)NC(CC(C)C)C(=O)NC(CCCCN)C(=O)NC(CO)C(=O)NC(CC(C)C)C(=O)NC(CC(C)C)C(=O)N)NC(=O)C1CCCN1C(=O)C(CC(C)C)NC(=O)C(CC(C)C)N,0,L-L-P-I-V-G-dN-L-L-K-S-L-L-am
CCCC(C(=O)NCC(=O)NC(CCC(=O)O)C(=O)NC(C(C)CC)C(=O)NC(CCSC)C(=O)NC(CC(=O)N)C(=O)NC(CO)C(=O)N)NC(=O)C(Cc1ccccc1)NC(=O)C(C)NC(=O)C(CCCCN)NC(=O)CNC(=O)C(Cc1ccccc1)NC(=O)C(CCCCN)NC(=O)C(CCCCN)NC(=O)C(C)NC(=O)C(CO)NC(=O)C(Cc1cnc[nH]1)NC(=O)C(CC(C)C)NC(=O)C(Cc1ccccc1)NC(=O)C(CCCCN)NC(=O)CNC(=O)C(C(C)CC)NC(=O)CN,0,G-I-G-K-F-L-H-S-A-K-K-F-G-K-A-F-Nva-G-E-I-M-dN-S-am
CCC(C)C(C(=O)NC(C(C)C)C(=O)NCC(=O)NC(CCSC)C(=O)NC(CC(C)C)C(=O)NCC(=O)NC(CCCCN)C(=O)NC(CC(C)C)C(=O)NC(Cc1ccccc1)C(=O)O)NC(=O)CNC(=O)C(CO)NC(=O)C(CC(C)C)NC(=O)C(Cc1ccccc1)N,0,F-L-S-G-I-V-G-M-L-G-K-L-F
CCC(C)C(C(=O)NC(C)C(=O)NC(C(C)CC)C(=O)NC(C)C(=O)NC(C(C)CC)C(=O)NC(CCC(=O)N)C(=O)NCC(=O)NCC(=O)N1CCCC1C(=O)NC(CCCNC(=N)N)C(=O)O)NC(=O)CNC(=O)C(CCC(=O)O)NC(=O)C(CO)NC(=O)C(C(C)CC)NC(=O)C(CCCNC(=N)N)NC(=O)C(CCCCN)NC(=O)C(CCCCN)NC(=O)C(C)NC(=O)C(CO)NC(=O)C(CC(=O)N)NC(=O)C(CCC(=O)O)NC(=O)C(CC(C)C)NC(=O)C(CCCCN)NC(=O)C(CCCCN)NC(=O)C(C)NC(=O)C(C(C)O)NC(=O)C(CCCCN)NC(=O)C(CO)NC(=O)C(CC(C)C)NC(=O)C(Cc1c[nH]c2ccccc12)NC(=O)C(CO)N,0,S-W-L-S-K-T-A-K-K-L-E-dN-S-A-K-K-R-I-S-E-G-I-A-I-A-I-dQ-G-G-P-R
CC(C)CC1C(=O)NC(C(=O)NC(C(=O)NC(C(=O)NC(C(=O)NC(C(=O)NCC(=O)NC(C(=O)NC2CSSCC(C(=O)NC(C(=O)NC(C(=O)NC(C(=O)NC(C(=O)NC(C(=O)NC3CSSCC(C(=O)NC(C(=O)NC(CSSCC(C(=O)NC(C(=O)NC(C(=O)N1)CCCNC(=N)N)CCC(=O)N)NC(=O)C(NC(=O)C(NC(=O)C(NC3=O)Cc1c[nH]c3ccccc13)CO)C(C)C)C(=O)NC(Cc1ccc(cc1)O)C(=O)NC(CO)C(=O)O)CCCNC(=N)N)NC(=O)C(NC(=O)C(NC(=O)C(NC(=O)C(NC2=O)CCSC)CC(=O)N)CCCCN)CCCCN)CCC(=O)O)CCCCN)CO)C(C)O)C(C)O)NC(=O)C(CO)NC(=O)C(C(C)C)NC(=O)C(CC(=O)N)NC(=O)C(C(C)O)NC(=O)C(Cc1ccccc1)NC(=O)C1CCC(=O)N1)CCCCN)CCCNC(=N)N)CO)C(C)O)CC(=O)N)Cc1cnc[nH]1,0,"S(25,1).Y(24,1)(25,2).C(16,1)(24,2)(40,3).R(15,1)(16,2).C(15,2)(26,1)(39,3).C(14,1)(39,3)-W-S-V-C(40,3)-dQ-R-L-H-dN-T-S-R-G-K-C(38,3)-M-dN-K-K(26,2).C(31,1)(38,3)-T-T-S-K-E(14,2).S(31,2)(32,1).V(32,2)(33,1).dN(33,2)(34,1).T(34,2)(35,1).F(35,2)(36,1).E(36,2)(37,1)(37,2)"
CCC(C)C1C(=O)NC(C(=O)NCC(=O)NC(C(=O)NC(C(=O)NC(C(=O)NC(C(=O)NCC(=O)NC(C(=O)NC2CSSCC3C(=O)NC(C(=O)NC(C(=O)N4CCCC4C(=O)NC(C(=O)NC(CSSCC(C(=O)NC(CSSCC(C(=O)NC(C(=O)N3)Cc3ccc(cc3)O)NC(=O)C(C(C)O)NC(=O)C(C(C)O)N)C(=O)NC(C(C)O)C(=O)NC(C(C)O)C(=O)O)NC(=O)C(NC(=O)C(NC(=O)C(NC(=O)C(NC(=O)C(NC(=O)CNC(=O)C(NC(=O)C(NC(=O)C(NC2=O)C(C)CC)Cc2ccc(cc2)O)CCC(=O)N)CCCNC(=N)N)CC(C)C)Cc2c[nH]c3ccccc23)C)Cc2ccccc2)C(=O)N1)C)C(C)CC)CCCNC(=N)N)C(C)O)Cc1ccc(cc1)O)CCCNC(=N)N)CCCNC(=N)N)CCC(=O)O)C,0,"T-T-C(35,3)-Y-C(33,3)-R-I-P-A-C(34,3)-I-A-G-E-R-R-Y-G-T-C(33,3)-I-Y-dQ-G-R-L-W-A-F-C(34,3)-C(35,3)-T-T"
CCC(C)C(C(=O)NC(CC(C)C)C(=O)NCC(=O)N1CCCC1C(=O)NC(C(C)C)C(=O)NC(CC(C)C)C(=O)NCC(=O)NC(CC(C)C)C(=O)NC(C(C)C)C(=O)NC(CO)C(=O)NC(CCCNC(=N)N)C(=O)NC(C(C)O)C(=O)NC(CC(C)C)C(=O)NC(CCCNC(=N)N)C(=O)NC(CCCNC(=N)N)C(=O)NC(C(C)C)C(=O)NC(CC(C)C)C(=O)NCC(=O)NC(C(C)CC)C(=O)NC(CC(C)C)C(=O)O)N,0,I-L-G-P-V-L-G-L-V-S-R-T-L-R-R-V-L-G-I-L
CCC(C)C(C(=O)NC(C)C(=O)NC(CCC(=O)O)C(=O)NC(CO)C(=O)NC(Cc1ccccc1)C(=O)N)NC(=O)C(CCCCN)NC(=O)C(CCCCN)NC(=O)C(C(C)CC)NC(=O)C(C(C)CC)NC(=O)C(CC(=O)O)NC(=O)C(Cc1ccccc1)NC(=O)C(CC(C)C)NC(=O)CN,0,G-L-F-D-I-I-K-K-I-A-E-S-F-am
CCCCC(C(=O)NC(CC(=O)O)C(=O)NC(Cc1ccccc1)C(=O)N)NC(=O)C(Cc1c[nH]c2ccccc12)NC(=O)CNC(=O)C(C(C)O)NC(=O)C(Cc1ccc(cc1)OS(=O)(=O)O)N,0,X96-T-G-W-Aca-D-F-am
CCC(C)C(C(=O)NC(CC(C)C)C(=O)N)NC(=O)C(CCCCN)NC(=O)C(CCCCN)NC(=O)C(C)NC(=O)C(CC(C)C)NC(=O)C(C)NC(=O)C(C)NC(=O)C(CC(C)C)NC(=O)C(C)NC(=O)C(CCCCN)NC(=O)C(Cc1ccccc1)NC(=O)C(CC(=O)N)NC(=O)C(CC(C)C)N,0,L-dN-F-K-A-L-A-A-L-A-K-K-I-L-am
CC(C)C(C(=O)N)NC(=O)C1CCCN1C(=O)C(CCCCN)NC(=O)CNC(=O)C(Cc1c[nH]c2ccccc12)NC(=O)C(CCCNC(=N)N)NC(=O)C(Cc1ccccc1)NC(=O)C(Cc1c[nH]cn1)NC(=O)C(CCC(=O)O)NC(=O)C(CCSC)NC(=O)C(CO)NC(=O)C(Cc1ccc(cc1)O)NC(=O)C(CO)NC(=O)C,0,ac-S-Y-S-M-E-H-F-R-W-G-K-P-V-am
CCC(C)C(C(=O)NC(CC(C)C)C(=O)NC(Cc1ccccc1)C(=O)NC(Cc1cnc[nH]1)C(=O)NCC(=O)NC(C(C)C)C(=O)NC(Cc1cnc[nH]1)C(=O)NC(Cc1cnc[nH]1)C(=O)NCC(=O)NC(CCCNC(=N)N)C(=O)NC(CCCCN)C(=O)NC(CCCCN)C(=O)NC(C)C(=O)NC(CC(C)C)C(=O)NC(Cc1cnc[nH]1)C(=O)NC(CCSC)C(=O)NC(CC(=O)N)C(=O)NC(CO)C(=O)NC(CCC(=O)O)C(=O)NC(CCCNC(=N)N)C(=O)NC(CCCNC(=N)N)C(=O)NC(CO)C(=O)C)NC(=O)CNC(=O)C(CC(C)C)NC(=O)C(Cc1ccccc1)NC(=O)CN,0,G-F-L-G-I-L-F-H-G-V-H-H-G-R-K-K-A-L-H-M-dN-S-E-R-R-S
CCC(C)C(C(=O)NC(CCCCN)C(=O)NC(CC(=O)O)C(=O)NC(Cc1ccccc1)C(=O)NC(CC(C)C)C(=O)NC(CCCN=C(N)N)C=O)NC(=O)C(CCCN=C(N)N)NC(=O)C(CCC(=O)N)NC(=O)C(C(C)C)NC(=O)C(C(C)CC)NC(=O)C(CCCN=C(N)N)NC(=O)C(CCCCN)NC(=O)C(Cc1ccccc1)N,0,F-K-X2075-I-V-dQ-X2075-I-K-D-F-L-X
CCC(C)C(C(=O)NC(C)C(=O)NC(CCCCN)C(=O)NC(Cc1cnc[nH]1)C(=O)NC(C(C)C)C(=O)NC(CC(C)C)C(=O)N1CCCC1C(=O)NC(Cc1cnc[nH]1)C(=O)NC(C(C)C)C(=O)NC(C(C)C)C(=O)N1CCCC1C(=O)NC(C(C)C)C(=O)NC(C(C)CC)C(=O)NC(C)C(=O)NC(CCC(=O)O)C(=O)NC(CCCCN)C(=O)NC(CC(C)C)C(=O)N)NC(=O)C(CO)NC(=O)CNC(=O)C(CC(C)C)NC(=O)C(C(C)C)NC(=O)CNC(=O)C(Cc1ccccc1)NC(=O)C(CC(C)C)NC(=O)CN,0,G-L-F-G-V-L-G-S-I-A-K-H-V-L-P-H-V-V-P-V-I-A-E-K-L-am
CC(C)CC(C(=O)NC(CC(=O)N)C(=O)N)NC(=O)C(C(C)O)NC(=O)C(C(C)C)NC(=O)CNC(=O)C(CC(=O)N)NC(=O)CNC(=O)C(Cc1ccc(cc1)O)NC(=O)C(Cc1ccc(cc1)O)NC(=O)C(CCCCN)N,0,K-Y-Y-G-dN-G-V-T-L-dN-am
CCC(C)C(C(=O)NCC(=O)NCC(=O)NC(CC(C)C)C(=O)NC(C(C)CC)C(=O)NC(CO)C(=O)NC(C)C(=O)NC(Cc1ccccc1)C(=O)NC(CCCCN)C(=O)O)NC(=O)C(C)NC(=O)C(CCCCN)NC(=O)C1CCCN1C(=O)C(C(C)CC)NC(=O)C(CC(C)C)NC(=O)C(CO)NC(=O)C(Cc1ccccc1)NC(=O)C(CC(C)C)NC(=O)C(Cc1ccccc1)N,0,F-L-F-S-L-I-P-K-A-I-G-G-L-I-S-A-F-K
CC(C)C(C(=O)NC(CC(=O)N)C(=O)NC(Cc1ccc(cc1)O)C(=O)NCC(=O)NC(CC(=O)N)C(=O)NCC(=O)NC(C(C)C)C(=O)NC(CO)C(=O)NC(CS)C(=O)NC(CO)C=O)N,0,V-dN-Y-G-dN-G-V-S-C-X1460
CC(C)CC(C(=O)NC(Cc1ccc(cc1)O)C(=O)NC(CC(=O)O)C(=O)NC(CC(=O)N)C(=O)O)NC(=O)C(Cc1ccc(cc1)O)NC(=O)C(CC(=O)N)NC(=O)C(CO)NC(=O)C(CCCNC(=N)N)NC(=O)C(Cc1ccc(cc1)O)NC(=O)CNC(=O)C(CCCNC(=N)N)NC(=O)C(Cc1c[nH]cn1)NC(=O)C(CO)NC(=O)C(Cc1c[nH]cn1)NC(=O)C(Cc1c[nH]cn1)NC(=O)C(CCCCN)NC(=O)C(CCC(=O)O)NC(=O)C(Cc1c[nH]cn1)NC(=O)C(Cc1ccccc1)NC(=O)C(CCCCN)NC(=O)C(CCCNC(=N)N)NC(=O)C(CCCCN)NC(=O)C(Cc1ccc(cc1)O)NC(=O)CNC(=O)C(Cc1c[nH]cn1)NC(=O)C(Cc1c[nH]cn1)NC(=O)C(CCCNC(=N)N)NC(=O)C(CCCCN)NC(=O)C(C)NC(=O)C(Cc1c[nH]cn1)NC(=O)C(CO)NC(=O)C(CC(=O)O)N,0,D-S-H-A-K-R-H-H-G-Y-K-R-K-F-H-E-K-H-H-S-H-R-G-Y-R-S-dN-Y-L-Y-D-dN
CCC(C)C(C(=O)NC(C(C)CC)C(=O)NC(Cc1cnc[nH]1)C(=O)NC(Cc1cnc[nH]1)C(=O)NC(C(C)C)C(=O)NCC(=O)NC(CC(=O)N)C(=O)NC(Cc1ccccc1)C(=O)NC(C(C)C)C(=O)NC(Cc1cnc[nH]1)C(=O)NCC(=O)NC(Cc1ccccc1)C(=O)NC(CO)C(=O)NC(Cc1cnc[nH]1)C(=O)NC(C(C)C)C(=O)NC(Cc1ccccc1)C(=O)O)NC(=O)C(CCCNC(=N)N)NC(=O)CNC(=O)C(CC(C)C)NC(=O)C(Cc1ccccc1)NC(=O)C(CCC(=O)N)NC(=O)C(Cc1ccccc1)NC(=O)C(C(C)C)N,0,V-F-dQ-F-L-G-R-I-I-H-H-V-G-dN-F-V-H-G-F-S-H-V-F
CCC(C)C(C(=O)NC(Cc1ccccc1)C(=O)NC(C(C)O)C(=O)NC(CC(=O)O)C(=O)NC(CO)C(=O)NC(Cc1ccc(cc1)O)C(=O)NC(CO)C(=O)NC(CCCNC(=N)N)C(=O)NC(Cc1ccc(cc1)O)C(=O)NC(CCCNC(=N)N)C(=O)NC(CCCCN)C(=O)NC(CCC(=O)N)C(=O)NC(CCSC)C(=O)NC(C)C(=O)NC(C(C)C)C(=O)NC(CCCCN)C(=O)NC(CCCCN)C(=O)NC(Cc1ccc(cc1)O)C(=O)NC(CC(C)C)C(=O)NC(C)C(=O)NC(C)C(=O)NC(C(C)C)C(=O)NC(CC(C)C)C(=O)NCC(=O)NC(CCCCN)C(=O)NC(CCCNC(=N)N)C(=O)NC(Cc1ccc(cc1)O)C(=O)NC(CCCCN)C(=O)NC(CCC(=O)N)C(=O)NC(CCCNC(=N)N)C(=O)NC(C(C)C)C(=O)NC(CCCCN)C(=O)NC(CC(=O)N)C(=O)NC(CCCCN)C(=O)N)NC(=O)CNC(=O)C(CC(=O)O)NC(=O)C(CO)NC(=O)C(Cc1cnc[nH]1)N,0,H-S-D-G-I-F-T-D-S-Y-S-R-Y-R-K-dQ-M-A-V-K-K-Y-L-A-A-V-L-G-K-R-Y-K-dQ-R-V-K-dN-K-am
CCC(C)C(C(=O)NC(C(C)CC)C(=O)NC(CCCCN)C(=O)NC(C)C(=O)NCC(=O)N1CCCC1C(=O)NC(C)C(=O)NC(C(C)C)C(=O)NC(C)C(=O)NC(C(C)C)C(=O)NC(C(C)C)C(=O)NCC(=O)NC(CCC(=O)N)C(=O)NC(C)C(=O)NC(C(C)O)C(=O)NC(CCC(=O)N)C(=O)NC(C(C)CC)C(=O)NC(C)C(=O)NC(CCCCN)C(=O)N)NC(=O)CNC(=O)C(CC(=O)O)NC(=O)C(CCCNC(=N)N)NC(=O)C(C(C)CC)NC(=O)C(CC(=O)N)NC(=O)C(CCC(=O)N)NC(=O)CNC(=O)C(C(C)C)NC(=O)C(CCCCN)NC(=O)C(CCC(=O)O)NC(=O)C(C(C)CC)NC(=O)C(CCCCN)NC(=O)C(CCCCN)NC(=O)C(Cc1ccccc1)NC(=O)C(CC(C)C)NC(=O)C(CCCCN)NC(=O)C(Cc1c[nH]c2ccccc12)NC(=O)C(CCCCN)N,0,K-W-K-L-F-K-K-I-E-K-V-G-dQ-dN-I-R-D-G-I-I-K-A-G-P-A-V-A-V-V-G-dQ-A-T-dQ-I-A-K-am
CC(C(=O)NC(C)C(=O)NCC(=O)NC(CCSC)C(=O)NCC(=O)NC(Cc1ccccc1)C(=O)NC(Cc1ccccc1)C(=O)NCC(=O)NC(C)C(=O)NC(CCCN=C(N)N)C(=O)N)N,0,A-A-G-M-G-F-F-G-A-X2075-am
CCC(C)C(C(=O)NCC(=O)NC(CCCCN)C(=O)NC(Cc1ccccc1)C(=O)NC(CC(C)C)C(=O)NC(Cc1c[nH]cn1)C(=O)NC(CO)C(=O)NC(C)C(=O)NC(CCCCN)C(=O)NC(CCCCN)C(=O)NC(Cc1ccccc1)C(=O)NCC(=O)NC(CCCCN)C(=O)NC(C)C(=O)NC(Cc1ccccc1)C(=O)NC(C(C)C)C(=O)NCC(=O)NC(CCC(=O)O)C(=O)NC(C(C)CC)C(=O)NC(CCSC)C(=O)NC(CC(=O)N)C(=O)NC(CO)C(=O)O)NC(=O)CN,0,G-I-G-K-F-L-H-S-A-K-K-F-G-K-A-F-V-G-E-I-M-dN-S
CCC(C)C(C(=O)NC(CC(=O)N)C(=O)NC(Cc1c[nH]c2ccccc12)C(=O)NC(CCCCN)C(=O)NCC(=O)NC(C(C)CC)C(=O)NC(C)C(=O)NC(C)C(=O)NC(CCSC)C(=O)NC(C)C(=O)NC(CCCCN)C(=O)NC(CCCCN)C(=O)NC(CC(C)C)C(=O)NC(CC(C)C)C(=O)N)N,0,I-dN-W-K-G-I-A-A-M-A-K-K-L-L-am
CCC(C)C(C(=O)NC(CC(C)C)C(=O)NC(CCCCN)C(=O)NCC(=O)NC(C)C(=O)NC(C)C(=O)NC(CCCCN)C(=O)NC(CC(=O)O)C(=O)NC(CC(C)C)C(=O)NC(C)C(=O)NCC(=O)NC(Cc1c[nH]cn1)C(=O)NC(CC(C)C)C(=O)NC(C)C(=O)NC(C(C)O)C(=O)NC(CCCCN)C(=O)NC(C(C)C)C(=O)NC(CCSC)C(=O)NC(CC(=O)N)C(=O)NC(CCCCN)C(=O)NC(CC(C)C)C(=O)N)NC(=O)C(CC(=O)O)NC(=O)C(C(C)C)NC(=O)C(C(C)C)NC(=O)CN,0,G-V-V-D-I-L-K-G-A-A-K-D-L-A-G-H-L-A-T-K-V-M-dN-K-L-am
CC(C)CC(C(=O)NC(C)C(=O)NC(C)C(=O)NC(C(C)C)C(=O)NC(CC(C)C)C(=O)NCC(=O)NC(CCCCN)C(=O)NC(CCCNC(=N)N)C(=O)NC(Cc1ccc(cc1)O)C(=O)NC(CCCCN)C(=O)NC(CCC(=O)N)C(=O)NC(CCCNC(=N)N)C(=O)NC(C(C)C)C(=O)NC(CCCCN)C(=O)NC(CC(=O)N)C(=O)NC(CCCCN)C(=O)N)NC(=O)C(Cc1ccc(cc1)O)NC(=O)C(CCCCN)NC(=O)C(CCCCN)NC(=O)C(C(C)C)NC(=O)C(C)NC(=O)C(CCSC)NC(=O)C(CCC(=O)N)NC(=O)C(CCCCN)NC(=O)C(CCCNC(=N)N)NC(=O)C(Cc1ccc(cc1)O)NC(=O)C(CCCNC(=N)N)NC(=O)C(CO)NC(=O)C(Cc1ccc(cc1)O)NC(=O)C(CO)NC(=O)C(CC(=O)O)NC(=O)C(C(C)O)NC(=O)C(Cc1ccccc1)N,0,F-T-D-S-Y-S-R-Y-R-K-dQ-M-A-V-K-K-Y-L-A-A-V-L-G-K-R-Y-K-dQ-R-V-K-dN-K-am
CCC(C)C(C(=O)NCC(=O)NC(CCCCN)C(=O)NC(Cc1ccccc1)C(=O)NC(CC(C)C)C(=O)NC(Cc1cnc[nH]1)C(=O)NC(CO)C(=O)NC(C)C(=O)NC(CCCCN)C(=O)NC(CCCCN)C(=O)NC(Cc1ccccc1)C(=O)NC(C)C(=O)NC(CCCCN)C(=O)NC(C)C(=O)NC(Cc1ccccc1)C(=O)NC(C(C)C)C(=O)NC(C)C(=O)NC(CCC(=O)O)C(=O)NC(C(C)CC)C(=O)NC(CCSC)C(=O)NC(CC(=O)N)C(=O)NC(CO)C(=O)N)NC(=O)CCN,0,X-I-G-K-F-L-H-S-A-K-K-F-A-K-A-F-V-A-E-I-M-dN-S-am
CCC(C)C(C(=O)NC(C(C)C)C(=O)NC(CCCCN)C(=O)NC(C)C(=O)NCC(=O)N1CCCC1C(=O)NC(C)C(=O)NC(C(C)CC)C(=O)NC(C)C(=O)NC(C(C)C)C(=O)NC(CC(C)C)C(=O)NCC(=O)NC(CCC(=O)O)C(=O)NC(C)C(=O)NC(CCCCN)C(=O)NC(C)C(=O)NC(CC(C)C)C(=O)N)NC(=O)CNC(=O)C(CC(=O)N)NC(=O)C(CCCNC(=N)N)NC(=O)C(C(C)CC)NC(=O)C(CC(=O)N)NC(=O)C(CCCNC(=N)N)NC(=O)CNC(=O)C(CCSC)NC(=O)C(CCCCN)NC(=O)C(CCC(=O)O)NC(=O)C(C(C)CC)NC(=O)C(CCCCN)NC(=O)C(CCCCN)NC(=O)C(Cc1ccccc1)NC(=O)C(C(C)C)NC(=O)C(CCCCN)NC(=O)C(Cc1c[nH]c2ccccc12)NC(=O)C(CCCCN)N,0,K-W-K-V-F-K-K-I-E-K-M-G-R-dN-I-R-dN-G-I-V-K-A-G-P-A-I-A-V-L-G-E-A-K-A-L-am
CCC(C)C(C(=O)N1CCCC1C(=O)NC(CCC(=O)N)C(=O)N1CCCC1C(=O)NC(CCCNC(=N)N)C(=O)N1CCCC1C(=O)N1CCCC1C(=O)NC(Cc1cnc[nH]1)C(=O)N1CCCC1C(=O)NC(CCCNC(=N)N)C(=O)NC(CC(C)C)C=O)NC(=O)C(Cc1ccc(cc1)O)NC(=O)C(C(C)C)NC(=O)C1CCCN1C(=O)C(CCCNC(=N)N)NC(=O)C(CC(=O)N)NC(=O)C(CC(=O)N)NC(=O)CN,0,G-dN-dN-R-P-V-Y-I-P-dQ-P-R-P-P-H-P-R-X39
CCC(C)C(C(=O)NCC(=O)NC(CCCCN)C(=O)NC(Cc1ccccc1)C(=O)NC(CC(C)C)C(=O)NC(Cc1c[nH]cn1)C(=O)NC(CO)C(=O)NC(C)C(=O)NC(CCCCN)C(=O)NC(CCCCN)C(=O)NC(Cc1ccccc1)C(=O)NCC(=O)NC(CCCCN)C(=O)NC(C)C(=O)NC(Cc1ccccc1)C(=O)NC(C(C)C)C(=O)NCC(=O)NC(CCC(=O)O)C(=O)NC(C(C)CC)C(=O)NC(CCSC)C(=O)NC(CC(=O)N)C(=O)NC(CO)C(=O)O)NC(=O)CN,0,G-I-G-K-F-L-H-S-A-K-K-F-G-K-A-F-V-G-E-I-M-dN-S
CCC(C)C(C(=O)NC(Cc1ccccc1)C(=O)NC(C(C)O)C(=O)NC(CC(=O)O)C(=O)NC(CO)C(=O)NC(Cc1ccc(cc1)O)C(=O)NC(CO)C(=O)NC(CCCN=C(N)N)C(=O)NC(Cc1ccc(cc1)O)C(=O)NC(CCCN=C(N)N)C(=O)NC(CCCCN)C(=O)NC(CCC(=O)N)C(=O)NC(CCSC)C(=O)NC(C)C(=O)NC(C(C)C)C(=O)NC(CCCCN)C(=O)NC(CCCCN)C(=O)NC(Cc1ccc(cc1)O)C(=O)NC(CC(C)C)C(=O)NC(C)C(=O)NC(C)C(=O)NC(C(C)C)C(=O)NC(CC(C)C)C(=O)NCC(=O)NC(CCCCN)C(=O)NC(CCCN=C(N)N)C(=O)NC(Cc1ccc(cc1)O)C(=O)NC(CCCCN)C(=O)NC(CCC(=O)N)C(=O)NC(CCCN=C(N)N)C(=O)NC(C(C)C)C(=O)NC(CCCCN)C(=O)NC(CC(=O)N)C(=O)NC(CCCCN)C(=O)N)N,0,I-F-T-D-S-Y-S-X2075-Y-X2075-K-dQ-M-A-V-K-K-Y-L-A-A-V-L-G-K-X2075-Y-K-dQ-X2075-V-K-dN-K-am
